"사번","cpu","메모리","hdd","네트워크","graphic","기타","텍스트","변경날짜","변경사유및내역","소요비용","담당","관련근거","count"
"1","Intel Pentium M 750 (1.86GHz)","1GB","80GB","100","","","",\N,\N,\N,\N,\N,"1"
"2","Intel P4 -3.0","1GB","76GB","100","","","",\N,\N,\N,\N,\N,"1"
"3","","","","","","","",\N,\N,\N,\N,\N,"1"
"4","Intel M 2.0Ghz","256MB","80GB","1000","","","","","","","","","1"
"5","Intel Core2 Duo CPU T7200","2GB","100GB","100","","","",\N,\N,\N,\N,\N,"1"
"6","Intel(R) Core(TM)2 CPU T2300@","2GB","60GB","1000","PCG-6JHP","","","","","","","","1"
"7","Intel Core2 Duo T7300","2GB","160","100","","","",\N,\N,\N,\N,\N,"1"
"8","Intel 2.4G","2GB","250GB","1000","","","",\N,\N,\N,\N,\N,"1"
"9","Intel(R) Core(TM)2 CPU T7500 @","2GB","150GB","1000","","","",\N,\N,\N,\N,\N,"1"
"10","Intel 2.4G","2GB","250GB","1000","","","",\N,\N,\N,\N,\N,"1"
"11","Intel Core2 T7250 (2.0Ghz)","2GB","111GB","100","","","",\N,\N,\N,\N,\N,"1"
"12","Intel(R) Core(TM)2 CPU T7400 @","2GB","250GB","1000","","","",\N,\N,\N,\N,\N,"1"
"13","Intel Core2 CPU T7250 2.0GHz","2GB","111GB","100","","","",\N,\N,\N,\N,\N,"1"
"14","Pentium core2(duo) 2.00GHz","2GB","150GB","1000","","","",\N,\N,\N,\N,\N,"1"
"15","Intel(R) Core(TM)2 CPU T7500 @","3GB","230GB","1000","","","",\N,\N,\N,\N,\N,"1"
"16","Intel Core 2 Duo T9400 (2.53GHz)","2GB","250GB","1000","","","",\N,\N,\N,\N,\N,"1"
"17","Intel T2400 1.83GHz","1GB","93GB","100","","","",\N,\N,\N,\N,\N,"1"
"18","Intel(R) Core(TM)2 CPU T7400 @","2GB","110GB","1000","","","",\N,\N,\N,\N,\N,"1"
"19","Intel(R) Core(TM)2 CPU 2.4GHz","3GB","240GB","1000","","","",\N,\N,\N,\N,\N,"1"
"20","Intel T2400 1.83GHz","2GB","93GB","1000","","","","","","","","","1"
"21","Intel P4 (2.0GHz)","2GB","76GB","100","","","",\N,\N,\N,\N,\N,"1"
"22","Intel T2400 @ 1.83GHz","1GB","80GB","1000","","공용 노트북","",\N,\N,\N,\N,\N,"1"
"23","Intel Core2 Duo T810 2.10GHz","2GB","250GB","100","ATI M Radeon X2300 (128MB)","","","","","","","","1"
"24","Intel T2400 1.83Ghz","1GB","93","100","","","",\N,\N,\N,\N,\N,"1"
"25","Intel(R) Core(TM)2 CPU T7400 @ 2.16GHz","2GB","110GB","1000","","","",\N,\N,\N,\N,\N,"1"
"26","Intel Core2 Duo E8400 3.0GHz","2GB","160GB","100","","","","","","","","","1"
"27","Intel(R) Core(TM)2 CPU T7400 @","2GB","110GB","1000","","","",\N,\N,\N,\N,\N,"1"
"28","Intel(R) Core(TM)2 DUO CPU T8100 2.1GHz","2GB","160GB","100","","","",\N,\N,\N,\N,\N,"1"
"29","Intel M 1.73 GHz","1.5GB","60GB","1G","SXGA","","",\N,\N,\N,\N,\N,"1"
"30","Intel Core 2 Quad Q9400","2GB","1TB","100M","MSI Radeon HD 4850 Triple-S 512MB VF9 BLACK PEARL","삼성 마우스, 키보드","","","","","","","1"
"31","Intel Core2 DUO T2400 1.83GHz","2GB","80GB","","","","",\N,\N,\N,\N,\N,"1"
"32","Intel Core2 Quad 요크필드","2GB","500GB","1000","","","",\N,\N,\N,\N,\N,"1"
"33","Intel Core2 DUO P8400 2.26 GHz","2GB","250GB","1000","","","",\N,\N,\N,\N,\N,"1"
"34","Intel 1.86GHz","512MB","80GB","100","","","",\N,\N,\N,\N,\N,"1"
"35","Intel 1.66GHz","512MB","80GB","100","","","",\N,\N,\N,\N,\N,"1"
"36","Intel 2.0 GHz","1GB","120GB","100","","","",\N,\N,\N,\N,\N,"1"
"37","Intel Core2 Duo T5759 2,0GHz","2GB","250GB","","Geforce 8400M GS 128MB","","","","","","","","1"
"38","Intel 1.6GHz","1GB","60GB","100","","","",\N,\N,\N,\N,\N,"1"
"39","Intel Pentium Core2 DUO T7250 2.0GHz","2GB","150GB","1000","","","",\N,\N,\N,\N,\N,"1"
"40","AMD 샘프론2","1GB","80GB","100","","","",\N,\N,\N,\N,\N,"1"
"41","Intel P-4 3.0GHz","1GB","76GB","100","","","",\N,\N,\N,\N,\N,"1"
"42","듀얼코어 셀러론 1.6GHz","896MB","71.5GB","100","XPRESS 200M","","",\N,\N,\N,\N,\N,"1"
"43","Intel Core2 DUO","1GB","160GB","1000","","","",\N,\N,\N,\N,\N,"1"
"44","Intel Core 2 DUO T8300 2.4 GHz","2GB","250GB","1000","NVIDIA Geforce 8600M GS 256MB","","","","","","","","1"
"45","인텔 P4 3.2GHz","1GB","80GB","1000","","","",\N,\N,\N,\N,\N,"1"
"46","Intel P-4 3.0GHz","2GB","380GB","1000","","일본 제품","",\N,\N,\N,\N,\N,"1"
"47","Intel P-4 3.0GHz","2GB","380GB","100","","일본 제품","",\N,\N,\N,\N,\N,"1"
"48","Intel Pentium D 925","1GB","320GB","100","","","",\N,\N,\N,\N,\N,"1"
"49","Intel Pentium D 925","1GB","160GB","100","","","",\N,\N,\N,\N,\N,"1"
"50","Intel Core2 Duo Processor T7100","2GB","120GB","1000","","","","","","","","","1"
"51","Intel Core2 E4500","2GB","320GB","100","","","",\N,\N,\N,\N,\N,"1"
"52","Intel 코어2듀오 E4600 2.4GHz","1GB","250GB","100","","","",\N,\N,\N,\N,\N,"1"
"53","Intel Core2 E6850","4GB","640GB","1000","","","",\N,\N,\N,\N,\N,"1"
"54","인텔 코어2쿼드 켄츠필드 Q6600","2GB","320GB","1000","","","",\N,\N,\N,\N,\N,"1"
"55","인텔 코어2쿼드 요크필드 Q8200","2GB","320GB","1000","","","",\N,\N,\N,\N,\N,"1"
"56","인텔 코어2쿼드 요크필드 Q8200","2GB","320GB","1000","","","",\N,\N,\N,\N,\N,"1"
"57","인텔 코어2쿼드 요크필드 Q8200","2GB","320GB","1000","","","",\N,\N,\N,\N,\N,"1"
"58","인텔 P4 630","1GB","80GB","100","","","",\N,\N,\N,\N,\N,"1"
"59","인텔 코어2쿼드 요크필드 Q8200","2GB","320GB","1000","","","",\N,\N,\N,\N,\N,"1"
"60","Intel M 2.0GHz","1GB","80GB","1000","","","",\N,\N,\N,\N,\N,"1"
"61","","","","","","","",\N,\N,\N,\N,\N,"1"
"62","Intel Core2 Duo 2.0","2G","80GB","100","","","","","","","","","1"
"75","Intel P-4 3.0GHz","2GB","530GB","1000","","","",\N,\N,\N,\N,\N,"1"
"82","","","","","","","24인치, 1920 x 1200",\N,\N,\N,\N,\N,"1"
"83","","","","","","","24인치, 1920 x 1200",\N,\N,\N,\N,\N,"1"
"89","","","","","","","",\N,\N,\N,\N,\N,"1"
"92","","","","","","","24인치, 1920 x 1200",\N,\N,\N,\N,\N,"1"
"93","","","","","","","",\N,\N,\N,\N,\N,"1"
"94","","","","","","","22인치, 1680 x 1050",\N,\N,\N,\N,\N,"1"
"95","","","","","","","",\N,\N,\N,\N,\N,"1"
"96","","","","","","","22인치, 1680 x 1050",\N,\N,\N,\N,\N,"1"
"112","","","","","","","24인치, 1920 x 1200",\N,\N,\N,\N,\N,"1"
"120","","","","","","","19인치,1280 x 1024",\N,\N,\N,\N,\N,"1"
"127","","","","","","","23인치,1920 x 1200",\N,\N,\N,\N,\N,"1"
"128","","","","","","","22인치,1680 x 1050",\N,\N,\N,\N,\N,"1"
"129","","","","","","","24인치,1920 x 1200",\N,\N,\N,\N,\N,"1"
"130","","","","","","","24인치",\N,\N,\N,\N,\N,"1"
"131","","","","","","","22인치,1680 x 1050",\N,\N,\N,\N,\N,"1"
"132","","","","","","","",\N,\N,\N,\N,\N,"1"
"133","","","","","","","24인치,1920 x 1080",\N,\N,\N,\N,\N,"1"
"134","","","","","","","22인치,1680 x 1050",\N,\N,\N,\N,\N,"1"
"135","","","","","","","",\N,\N,\N,\N,\N,"1"
"136","","","","","","","22인치,1680 x 1050",\N,\N,\N,\N,\N,"1"
"137","","","","","","","",\N,\N,\N,\N,\N,"1"
"138","","","","","","","24인치,1920 x 1200",\N,\N,\N,\N,\N,"1"
"139","","","","","","","",\N,\N,\N,\N,\N,"1"
"140","","","","","","","19인치,1280 x 1024",\N,\N,\N,\N,\N,"1"
"141","","","","","","","24인치,1920 x 1080",\N,\N,\N,\N,\N,"1"
"142","","","","","","","",\N,\N,\N,\N,\N,"1"
"147","","","","","","","24인치,1920 x 1200",\N,\N,\N,\N,\N,"1"
"148","","","","","","","22인치,1680 x 1050",\N,\N,\N,\N,\N,"1"
"149","","","","","","","19인치,1280 x 1024",\N,\N,\N,\N,\N,"1"
"150","","","","","","","",\N,\N,\N,\N,\N,"1"
"151","","","","","","","17인치,1280 x 1024",\N,\N,\N,\N,\N,"1"
"152","","","","","","","17인치,1280 x 1024",\N,\N,\N,\N,\N,"1"
"153","","","","","","","",\N,\N,\N,\N,\N,"1"
"154","","","","","","","",\N,\N,\N,\N,\N,"1"
"155","","","","","","","24인치,1920 x 1200",\N,\N,\N,\N,\N,"1"
"156","","","","","","","22인치,1680 x 1050",\N,\N,\N,\N,\N,"1"
"157","","","","","","","",\N,\N,\N,\N,\N,"1"
"158","","","","","","","19인치,1280 x 1024",\N,\N,\N,\N,\N,"1"
"182","Intel P3 1GHz","512MB","72.8GB","","","","",\N,\N,\N,\N,\N,"1"
"196","","","","","","","본체 / 전원 / 리모컨 ",\N,\N,\N,\N,\N,"1"
"197","Intel quad-Core Xeon 2.67GHz*2","32GB","146G * 2","NetXtreme 2 BCM 5708 *2","ATI Inc ES1000","Smart Arry P800","","","","","","","1"
"200","","","","","","","",\N,\N,\N,\N,\N,"1"
"201","Intel 제온 P4 1.86GHz","2G","916G","1G","ATI ES1000","일본 컴파스 장비","","","","","","","1"
"202","","","","","","","",\N,\N,\N,\N,\N,"1"
"203","Intel 제온 P4 3.0GHz","4G","74G, 696G","1G","ATI ES1000","","","","","","","","1"
"204","","","","","","","",\N,\N,\N,\N,\N,"1"
"205","Intel 2.66GHz","1GB","806GB","","","","",\N,\N,\N,\N,\N,"1"
"206","Intel 3.2GHz","512MB","80GB,250GB","1G","ATI Rage XL","","","","","","","","1"
"207","Intel 3.2GHz","512MB","80GB,250GB","1G","ATI Rage XL","","","","","","","","1"
"208","Intel Xeon 2.4GHz","DDR2-667-1GB","250GB","Intel 82573 E82541","ATI ES1000","위치 : 성능시험 시뮬레이터 #2","","","","","","","1"
"209","Intel Xeon 2.4GHz","DDR-667-1GB","250GB","Intel 82573E 82541","ATI ES1000","위치 : 성능시험 시뮬레이터#2","","","","","","","1"
"210","Intel Xeon 2.4GHz","DDR2-667-1GB","250GB","Intel 82573E 82541","ATI ES1000","위치 : 성능시험 시뮬레이터#2","","","","","","","1"
"211","Intel Xeon 2.4GHz","DDR2-667-1GB","250GB","Intel 82573E 82541","ATI ES1000","","","","","","","","1"
"212","Intel Xeon 2.4GHz","DDR2-667-1GB","250GB","Intel 82573E 82541","ATI ES1000","","","","","","","","1"
"213","Intel Xeon 2.4GHz","DDR2-667-1GB","250GB","Intel 82573E 82541","ATI ES1000","","","","","","","","1"
"214","Intel Xeon 2.4GHz","DDR2-667 1GB","250GB","Intel 82573E 82541","ATI ES1000","","","","","","","","1"
"215","Intel Xeon 2.4GHz","DDR2-667-1GB","250GB","Intel 82573E 82541","ATI ES1000","","","","","","","","1"
"216","Intel Xeon 2.4GHz","DDR2-667-1GB","250GB","Intel 82573E 82541","ATI ES1000","","","","","","","","1"
"217","Intel Xeon 2.4GHz","DDR2-667-1GB","250GB","Intel 82573E 82541","ATI ES1000","","","","","","","","1"
"218","Intel 2.4GHz","1GB","250GB","","","","",\N,\N,\N,\N,\N,"1"
"219","Intel Xeon 2.4GHz","DDR2-667-1GB","250GB","Intel 82573E 82541","ATI ES1000","","","","","","","","1"
"220","Intel Xeon 2.4GHz","DDR2-667-1GB","250GB","Intel 82573E 82541","ATI ES1000","","","","","","","","1"
"221","Intel 2.4GHz","1GB","250GB","","","","",\N,\N,\N,\N,\N,"1"
"222","Intel Xeon 2.4GHz","DDR2-667-1GB","250GB","Intel 82573E 82541","ATI ES1000","","","","","","","","1"
"223","Intel Xeon 2.4GHz","DDR2-667-1GB","250GB","Intel 82573E 82541","ATI ES1000","","","","","","","","1"
"224"," Intel(R) Xeon(TM) CPU 2.40GHz","2GB"," 1.3T","100M","Rage XL","","","","","","","","1"
"231","Intel P3 1GHz","256MB","27GB","100","3D Rage IIC","","","","","","","","1"
"232","Intel P3 1GHz","256MB","27GB","100","3D Rage IIC","","","","","","","","1"
"233","Intel P4 2.4GHz","512MB","74GB","","","","",\N,\N,\N,\N,\N,"1"
"234","Intel P4 2.4GHz","512MB","74GB","","","","",\N,\N,\N,\N,\N,"1"
"235","Intel P3 1.2GHz","1GB","74GB","","","","",\N,\N,\N,\N,\N,"1"
"236","Intel P3 1.2GHz","1GB","74GB","","","","",\N,\N,\N,\N,\N,"1"
"237","Intel P4 2.4GHz","512MB","74GB","","","","",\N,\N,\N,\N,\N,"1"
"238","Intel P3 1.2GHz","1GB","74GB","","","","",\N,\N,\N,\N,\N,"1"
"239","Intel P3 1.2GHz","1GB","74GB","","","","",\N,\N,\N,\N,\N,"1"
"240","","","140GB*24","","","","",\N,\N,\N,\N,\N,"1"
"241","","","146GB SAS*14","","","하나로 교환","","","","","","","1"
"242","","","146GB SAS*14","","","하나로 교환","","","","","","","1"
"243","","","300GB SAS*15","","","","",\N,\N,\N,\N,\N,"1"
"244","","","","","","케이스만 있음","",\N,\N,\N,\N,\N,"1"
"245","","","146GB SCSI*14","","","서버 포함 가","",\N,\N,\N,\N,\N,"1"
"246","","","146GB SCSI*8","","","SK 구매","",\N,\N,\N,\N,\N,"1"
"247","","","146GB SCSI*8","","","울트라 320스카시","","","","","","","1"
"248","","","72GB SCSI*7","","","","",\N,\N,\N,\N,\N,"1"
"249","Core2 1.66GHz","1G","120GB","100","","TYPE : 1705-A15","","","","","","","1"
"250","","","","","","","",\N,\N,\N,\N,\N,"1"
"251","","","","","","","",\N,\N,\N,\N,\N,"1"
"252","","","","","","","",\N,\N,\N,\N,\N,"1"
"253","","","","","","","",\N,\N,\N,\N,\N,"1"
"63","Intel Core 2 DUO 1.66GHz","2GB","111GB","10/100/1000","","","","","","","","","1"
"198","","","","","","","",\N,\N,\N,\N,\N,"1"
"255","","","","","","","",\N,\N,\N,\N,\N,"1"
"256","","","","","","","",\N,\N,\N,\N,\N,"1"
"257","","","","","","","",\N,\N,\N,\N,\N,"1"
"258","","","","","","","",\N,\N,\N,\N,\N,"1"
"259","","","","","","","",\N,\N,\N,\N,\N,"1"
"260","","","","","","","",\N,\N,\N,\N,\N,"1"
"261","","","","","","","",\N,\N,\N,\N,\N,"1"
"262","","","","","","","",\N,\N,\N,\N,\N,"1"
"263","","","","","","","",\N,\N,\N,\N,\N,"1"
"265","","","","","","","56cm(22형) / 1680 x 1050",\N,\N,\N,\N,\N,"1"
"266","","","","","","","61cm(24형) / 1920 x 1200",\N,\N,\N,\N,\N,"1"
"267","","","","","","","48cm(19형) / 1280 x 1024",\N,\N,\N,\N,\N,"1"
"269","","","","","","","",\N,\N,\N,\N,\N,"1"
"270","","","","","","","",\N,\N,\N,\N,\N,"1"
"271","","","","","","","",\N,\N,\N,\N,\N,"1"
"272","","","","","","","",\N,\N,\N,\N,\N,"1"
"273","","","","","","","",\N,\N,\N,\N,\N,"1"
"274","","","","","","","",\N,\N,\N,\N,\N,"1"
"276","","","","","","","",\N,\N,\N,\N,\N,"1"
"277","","","","","","","",\N,\N,\N,\N,\N,"1"
"278","","","","","","","",\N,\N,\N,\N,\N,"1"
"279","","","","","","","",\N,\N,\N,\N,\N,"1"
"280","","","","","","","",\N,\N,\N,\N,\N,"1"
"281","","","","","","","",\N,\N,\N,\N,\N,"1"
"282","","","","","","","",\N,\N,\N,\N,\N,"1"
"283","","","","","","","24포트, 10/100지원",\N,\N,\N,\N,\N,"1"
"284","","","","","","","",\N,\N,\N,\N,\N,"1"
"285","","","","","","","",\N,\N,\N,\N,\N,"1"
"286","","","","","","","",\N,\N,\N,\N,\N,"1"
"287","","","","","","","",\N,\N,\N,\N,\N,"1"
"288","","","","","","","",\N,\N,\N,\N,\N,"1"
"289","","","","","","","",\N,\N,\N,\N,\N,"1"
"290","Intel Core2 1.6GHz","2GB","60GB","1000","","","",\N,\N,\N,\N,\N,"1"
"291","Intel Core 2 Duo T810 (2.10GHz)","2GB","160GB","100","Nvidia Quadro NVS-140M (128MB)","","",\N,\N,\N,\N,\N,"1"
"292","","","","","","","",\N,\N,\N,\N,\N,"1"
"73","","","","","","",\N,"2008-02-27","데스크탑 사용으로 VGA 카드 추가 (지포스 8600GT)","118,000","","","2"
"293","","","","","","","",\N,\N,\N,\N,\N,"1"
"294","","","","","","","",\N,\N,\N,\N,\N,"1"
"295","","","","","","","",\N,\N,\N,\N,\N,"1"
"296","","","","","","","",\N,\N,\N,\N,\N,"1"
"297","","","","","","","",\N,\N,\N,\N,\N,"1"
"297",", Intel Core2 Duo E8300 2.83GHz",", 4GB",", 250G",", 10/100/1000",", 3100",", 위치 : 서버실 ","",", -, -, ",", ",", ",", ",", ","2"
"298","","","","","","","",\N,\N,\N,\N,\N,"1"
"299","","","","","","","",\N,\N,\N,\N,\N,"1"
"300","","","","","","","600MHz / DDR3 2GHz / 256MB / 128bit",\N,\N,\N,\N,\N,"1"
"301","","","","","","","",\N,\N,\N,\N,\N,"1"
"302","","","","","","","",\N,\N,\N,\N,\N,"1"
"303","","","","","","","",\N,\N,\N,\N,\N,"1"
"304","","","","","","","",\N,\N,\N,\N,\N,"1"
"304","AMD Athlon 64-X2 브리번즈 5200+","4G","500GB","100","","HDD 500GB 추가",\N,"--","","","","","2"
"305","","","","","","","",\N,\N,\N,\N,\N,"1"
"307","","","","","","","",\N,\N,\N,\N,\N,"1"
"308","","","","","","","",\N,\N,\N,\N,\N,"1"
"309","","","","","","","",\N,\N,\N,\N,\N,"1"
"310","","","","","","","",\N,\N,\N,\N,\N,"1"
"311","","","","","","","",\N,\N,\N,\N,\N,"1"
"312","","","","","","","",\N,\N,\N,\N,\N,"1"
"313","","","","","","","",\N,\N,\N,\N,\N,"1"
"314","","","","","","","",\N,\N,\N,\N,\N,"1"
"315","","","","","","","",\N,\N,\N,\N,\N,"1"
"316","","","","","","","",\N,\N,\N,\N,\N,"1"
"318","","","","","","","",\N,\N,\N,\N,\N,"1"
"319","","","","","","","",\N,\N,\N,\N,\N,"1"
"320","","","","","","","",\N,\N,\N,\N,\N,"1"
"321","","","","","","","",\N,\N,\N,\N,\N,"1"
"322","","","","","","","",\N,\N,\N,\N,\N,"1"
"323","","","","","","","",\N,\N,\N,\N,\N,"1"
"324","","","","","","","",\N,\N,\N,\N,\N,"1"
"325","","","","","","","",\N,\N,\N,\N,\N,"1"
"326","","","","","","","",\N,\N,\N,\N,\N,"1"
"327","","","","","","","",\N,\N,\N,\N,\N,"1"
"328","","","","","","","",\N,\N,\N,\N,\N,"1"
"329","","","","","","","",\N,\N,\N,\N,\N,"1"
"330","","","","","","","",\N,\N,\N,\N,\N,"1"
"31","","","","","","",\N,"2009-01-09","메모리 업그레이드 (1G --> 2G)","68,000","김재봉","2009.1.9 기안문","2"
"331","Intel Core2 Duo E6750","2GB","320G * 3ea","100","Geforce 8600GT HV 찬라한 NOM 256MB","","",\N,\N,\N,\N,\N,"1"
"332","","","","","","","",\N,\N,\N,\N,\N,"1"
"332","Intel Core2 Duo E6750","2GB","320G * 3ea","100","Geforce 8600GT HV 찬라한 NOM 256MB","",\N,"--","","","","","2"
"333","Intel core2 Duo T7500 2.2GHz","2GB","160GB","100","Radeon HD2400","","",\N,\N,\N,\N,\N,"1"
"774","","","","","","","",\N,\N,\N,\N,\N,"1"
"335","인텔코어2 듀오","2G * 2EA","320GB * 2EA","","ASUS라데온 X300SE","","",\N,\N,\N,\N,\N,"1"
"336","Core2 Duo 2.2GHz","2GB","160GB","","","가방 + 복구CD 포함","","","","","","","1"
"337","Core 2 Duo 2.40Ghz","2GB","32GB","10/100/1000","","Optical Mouse","",\N,\N,\N,\N,\N,"1"
"338","","","","","","","",\N,\N,\N,\N,\N,"1"
"339","","","","","","","",\N,\N,\N,\N,\N,"1"
"340","","","","","","","",\N,\N,\N,\N,\N,"1"
"341","","","","","","","",\N,\N,\N,\N,\N,"1"
"342","","","","","","","",\N,\N,\N,\N,\N,"1"
"343","","","","","","","",\N,\N,\N,\N,\N,"1"
"344","","","","","","","",\N,\N,\N,\N,\N,"1"
"345","","","","","","","",\N,\N,\N,\N,\N,"1"
"346","","","","","","","",\N,\N,\N,\N,\N,"1"
"347","","","","","","","",\N,\N,\N,\N,\N,"1"
"348","","","","","","","",\N,\N,\N,\N,\N,"1"
"349","","","","","","","",\N,\N,\N,\N,\N,"1"
"350","","","","","","","",\N,\N,\N,\N,\N,"1"
"351","","","","","","","",\N,\N,\N,\N,\N,"1"
"352","","","","","","","",\N,\N,\N,\N,\N,"1"
"353","","","","","","","",\N,\N,\N,\N,\N,"1"
"354","","","","","","","",\N,\N,\N,\N,\N,"1"
"355","","","","","","","",\N,\N,\N,\N,\N,"1"
"356","","","","","","","",\N,\N,\N,\N,\N,"1"
"357","","","","","","","",\N,\N,\N,\N,\N,"1"
"358","","","","","","","17"" Multi-Format LCD Monitor",\N,\N,\N,\N,\N,"1"
"359","","","","","","","17"" Multi-Format LCD Monitor",\N,\N,\N,\N,\N,"1"
"360","","","","","","","",\N,\N,\N,\N,\N,"1"
"361","","","","","","","",\N,\N,\N,\N,\N,"1"
"250","P4-630","1GB","80GB","10/100","","",\N,"--","","","","","2"
"362","","","","","","","",\N,\N,\N,\N,\N,"1"
"363","","","","","","","",\N,\N,\N,\N,\N,"1"
"364","","","","","","","",\N,\N,\N,\N,\N,"1"
"365","","","","","","","",\N,\N,\N,\N,\N,"1"
"366","","","","","","","",\N,\N,\N,\N,\N,"1"
"367","","","","","","","",\N,\N,\N,\N,\N,"1"
"368","","","","","","","",\N,\N,\N,\N,\N,"1"
"369","","","","","","","",\N,\N,\N,\N,\N,"1"
"370","","","","","","","",\N,\N,\N,\N,\N,"1"
"371","","","","","","","",\N,\N,\N,\N,\N,"1"
"372","","","","","","","",\N,\N,\N,\N,\N,"1"
"373","","","","","","","",\N,\N,\N,\N,\N,"1"
"375","","","","","","","",\N,\N,\N,\N,\N,"1"
"377","","","","","","","",\N,\N,\N,\N,\N,"1"
"378","","","","","","","",\N,\N,\N,\N,\N,"1"
"379","","","","","","","",\N,\N,\N,\N,\N,"1"
"380","","","","","","","",\N,\N,\N,\N,\N,"1"
"382","","","","","","","",\N,\N,\N,\N,\N,"1"
"383","","","","","","","",\N,\N,\N,\N,\N,"1"
"384","","","","","","","",\N,\N,\N,\N,\N,"1"
"387","","","","","","","24Port / 10~1000지원 / ",\N,\N,\N,\N,\N,"1"
"389","","","","","","","",\N,\N,\N,\N,\N,"1"
"390","","","","","","","",\N,\N,\N,\N,\N,"1"
"394","","","","","","","",\N,\N,\N,\N,\N,"1"
"395","","","","","","","",\N,\N,\N,\N,\N,"1"
"396","","","","","","","",\N,\N,\N,\N,\N,"1"
"397","","","","","","","",\N,\N,\N,\N,\N,"1"
"398","","","","","","","",\N,\N,\N,\N,\N,"1"
"399","","","","","","","",\N,\N,\N,\N,\N,"1"
"400","","","","","","","",\N,\N,\N,\N,\N,"1"
"401","","","","","","","",\N,\N,\N,\N,\N,"1"
"402","","","","","","","",\N,\N,\N,\N,\N,"1"
"404","","","","","","","",\N,\N,\N,\N,\N,"1"
"406","","","","","","","",\N,\N,\N,\N,\N,"1"
"407","","","","","","","",\N,\N,\N,\N,\N,"1"
"409","","","","","","","",\N,\N,\N,\N,\N,"1"
"411","","","","","","","",\N,\N,\N,\N,\N,"1"
"413","","","","","","","",\N,\N,\N,\N,\N,"1"
"414","","","","","","","",\N,\N,\N,\N,\N,"1"
"415","","","","","","","",\N,\N,\N,\N,\N,"1"
"416","","","","","","","",\N,\N,\N,\N,\N,"1"
"417","","","","","","","",\N,\N,\N,\N,\N,"1"
"418","","","","","","","",\N,\N,\N,\N,\N,"1"
"419","","","","","","","",\N,\N,\N,\N,\N,"1"
"421","","","","","","","",\N,\N,\N,\N,\N,"1"
"422","","","","","","","",\N,\N,\N,\N,\N,"1"
"423","","","","","","","",\N,\N,\N,\N,\N,"1"
"424","Intel Core2 Quad Q8200","320GB","2G","100","","","",\N,\N,\N,\N,\N,"1"
"425","Intel Core2 Q8200","2GB","320GB","100","MSI Radeon 3450 256MB","","",\N,\N,\N,\N,\N,"1"
"426","","","","","","","",\N,\N,\N,\N,\N,"1"
"429","","","","","","","",\N,\N,\N,\N,\N,"1"
"430","","","","","","","",\N,\N,\N,\N,\N,"1"
"431","P-915","1GB","160GB","1000","","CD-Rom 없음","",\N,\N,\N,\N,\N,"1"
"432","","","","","","","",\N,\N,\N,\N,\N,"1"
"433","","","","","","","",\N,\N,\N,\N,\N,"1"
"435","","","","","","","001E4048C6B3",\N,\N,\N,\N,\N,"1"
"436","","","","","","","001E4048C6FA",\N,\N,\N,\N,\N,"1"
"437","","","","","","","001E4048C6B1",\N,\N,\N,\N,\N,"1"
"438","","","","","","","001E4048C618",\N,\N,\N,\N,\N,"1"
"439","","","","","","","001E4048C62F",\N,\N,\N,\N,\N,"1"
"440","","","","","","","",\N,\N,\N,\N,\N,"1"
"445","","","","","","","",\N,\N,\N,\N,\N,"1"
"449","","","","","","","Castis01",\N,\N,\N,\N,\N,"1"
"450","","","","","","","",\N,\N,\N,\N,\N,"1"
"451","","","","","","","",\N,\N,\N,\N,\N,"1"
"452","","","","","","","",\N,\N,\N,\N,\N,"1"
"453","","","","","","","",\N,\N,\N,\N,\N,"1"
"454","","","","","","","",\N,\N,\N,\N,\N,"1"
"455","","","","","","","",\N,\N,\N,\N,\N,"1"
"456","","","","","","","",\N,\N,\N,\N,\N,"1"
"457","","","","","","","",\N,\N,\N,\N,\N,"1"
"458","","","","","","","",\N,\N,\N,\N,\N,"1"
"459","","","","","","","",\N,\N,\N,\N,\N,"1"
"461","","","","","","","",\N,\N,\N,\N,\N,"1"
"462","","","","","","","인터페이스 : AGP",\N,\N,\N,\N,\N,"1"
"463","","","","","","","인터페이스 : PCI-Express x16",\N,\N,\N,\N,\N,"1"
"465","","","","","","","",\N,\N,\N,\N,\N,"1"
"466","","","","","","","",\N,\N,\N,\N,\N,"1"
"467","","","","","","","",\N,\N,\N,\N,\N,"1"
"468","","","","","","","",\N,\N,\N,\N,\N,"1"
"469","","","","","","","",\N,\N,\N,\N,\N,"1"
"470","","","","","","","",\N,\N,\N,\N,\N,"1"
"471","","","","","","","",\N,\N,\N,\N,\N,"1"
"472","","","","","","","000788B089D1 / 본체 / 전원 / 전화기 / 배터리",\N,\N,\N,\N,\N,"1"
"473","","","","","","","00300D490172 / 본체 / 랜 / 전원 / 메뉴얼",\N,\N,\N,\N,\N,"1"
"474","","","","","","","",\N,\N,\N,\N,\N,"1"
"475","","","","","","","",\N,\N,\N,\N,\N,"1"
"476","","","","","","","",\N,\N,\N,\N,\N,"1"
"477","","","","","","","",\N,\N,\N,\N,\N,"1"
"478","","","","","","","",\N,\N,\N,\N,\N,"1"
"479","","","","","","","",\N,\N,\N,\N,\N,"1"
"480","","","","","","","",\N,\N,\N,\N,\N,"1"
"481","","","","","","","",\N,\N,\N,\N,\N,"1"
"482","","","","","","","",\N,\N,\N,\N,\N,"1"
"483","","","","","","","",\N,\N,\N,\N,\N,"1"
"484","","","","","","","",\N,\N,\N,\N,\N,"1"
"485","","","","","","","",\N,\N,\N,\N,\N,"1"
"486","","","","","","","",\N,\N,\N,\N,\N,"1"
"487","","","","","","","",\N,\N,\N,\N,\N,"1"
"488","","","","","","","",\N,\N,\N,\N,\N,"1"
"489","","","","","","","",\N,\N,\N,\N,\N,"1"
"490","","","","","","","",\N,\N,\N,\N,\N,"1"
"491","P4 D 3.4GHz","1G","400GB","100","내장","미니","",\N,\N,\N,\N,\N,"1"
"492","P4 D 3.4GHz","1G","400GB","100","내장","미니","",\N,\N,\N,\N,\N,"1"
"493","P4 D 3.4GHz","1G","400GB","100","내장","미니","",\N,\N,\N,\N,\N,"1"
"494","","","","","","","",\N,\N,\N,\N,\N,"1"
"495","","","","","","","",\N,\N,\N,\N,\N,"1"
"496","","","","","","","",\N,\N,\N,\N,\N,"1"
"497","","","","","","","",\N,\N,\N,\N,\N,"1"
"498","","","","","","","",\N,\N,\N,\N,\N,"1"
"499","","","","","","","",\N,\N,\N,\N,\N,"1"
"500","","","","","","","",\N,\N,\N,\N,\N,"1"
"501","","","","","","","00900D4924EC",\N,\N,\N,\N,\N,"1"
"502","","","","","","","본체/케이스/케이블/드라이버/시디/박스",\N,\N,\N,\N,\N,"1"
"503","","","","","","","2009년 07월 A/S 제품",\N,\N,\N,\N,\N,"1"
"504","","","","","","","2009년 07월 A/S 제품",\N,\N,\N,\N,\N,"1"
"505","","","","","","","",\N,\N,\N,\N,\N,"1"
"506","","","","","","","",\N,\N,\N,\N,\N,"1"
"507","","","","","","","",\N,\N,\N,\N,\N,"1"
"508","","","","","","","",\N,\N,\N,\N,\N,"1"
"509","","","","","","","Speaker",\N,\N,\N,\N,\N,"1"
"510","","","","","","","cnm",\N,\N,\N,\N,\N,"1"
"511","","","","","","","cnm",\N,\N,\N,\N,\N,"1"
"512","","","","","","","휴게실",\N,\N,\N,\N,\N,"1"
"513","","","","","","","본체/박스/리모컨/랜케이블/전원/110V",\N,\N,\N,\N,\N,"1"
"514","","","","","","","-",\N,\N,\N,\N,\N,"1"
"517","","","","","","","-",\N,\N,\N,\N,\N,"1"
"518","","","","","","","-",\N,\N,\N,\N,\N,"1"
"519","","","","","","","-",\N,\N,\N,\N,\N,"1"
"777","","","","","","","SDHC카드 16GB + 내장메모리16GB",\N,\N,\N,\N,\N,"1"
"803","","","","","","","10/100Base Tx : 9ports",\N,\N,\N,\N,\N,"1"
"199","Intel quad-Core Xeon 2.67GHz*2","2GB","72GB*2,146GB*2","","","","",\N,\N,\N,\N,\N,"1"
"225","Intel(R) P4 3.0GHz","1G","74G","100M","Geforce4 MX 440","","","","","","","","1"
"226","Intel P3 1GHz","1GB","36GB,70GB","Intel pro 100+","ATI Rage XL","","","","","","","","1"
"227","Intel P4 2.4GHz","512MB","74GB","100","Rage XL","","","","","","","","1"
"228","Intel P4 2.4GHz","512MB","74GB","100","Rage XL","","","","","","","","1"
"229","Intel Xeon 3.0GHz","2GB","74GB,1.1TB,1.6TB","1G","Rage XL","","","","","","","","1"
"230","Intel P4 3.06GHz","1GB","40GB","","","","",\N,\N,\N,\N,\N,"1"
"275","","","","","","","",\N,\N,\N,\N,\N,"1"
"374","","","","","","","",\N,\N,\N,\N,\N,"1"
"515","","","","","","","-",\N,\N,\N,\N,\N,"1"
"516","","","","","","","-",\N,\N,\N,\N,\N,"1"
"520","","","","","","","-",\N,\N,\N,\N,\N,"1"
"562","Xeon","","","","","","",\N,\N,\N,\N,\N,"1"
"563","","","","","","","4층 서버실",\N,\N,\N,\N,\N,"1"
"564","","","","","","","00",\N,\N,\N,\N,\N,"1"
"565","","","","","","","00",\N,\N,\N,\N,\N,"1"
"566","","","","","","","광마우스,USB,2버튼",\N,\N,\N,\N,\N,"1"
"567","","","","","","","광마우스, USB, 2버튼",\N,\N,\N,\N,\N,"1"
"568","","","","","","","USB, 고무커버, 팔목 받침, 이상무",\N,\N,\N,\N,\N,"1"
"569","","","","","","","Q-Tone Receiver Module (2) / Q-Tone CPU Module (1)",\N,\N,\N,\N,\N,"1"
"570","","","","","","","8GB",\N,\N,\N,\N,\N,"1"
"571","","","","","","","8GB",\N,\N,\N,\N,\N,"1"
"572","","","","","","","8GB",\N,\N,\N,\N,\N,"1"
"573","","","","","","","T자 받침대, ㅁ자 받침대,",\N,\N,\N,\N,\N,"1"
"574","","","","","","","강화유리, 받침대 2개, 마우스 걸이 1개 ",\N,\N,\N,\N,\N,"1"
"575","","","","","","","강화유리, 받침대 2개, 마우스 걸이",\N,\N,\N,\N,\N,"1"
"576","","","","","","","강화 유리, 받침대 2개, 마우스 걸이",\N,\N,\N,\N,\N,"1"
"577","Core2 Duo E8400","2GB","150GB","100","","","",\N,\N,\N,\N,\N,"1"
"578","Xeon","RAM","HDD","1000","","","",\N,\N,\N,\N,\N,"1"
"579","","","","","","","정품가방",\N,\N,\N,\N,\N,"1"
"580","Core2 Duo 2.0GHz","1GB","80GB","100","","","",\N,\N,\N,\N,\N,"1"
"581","","","","","","","100",\N,\N,\N,\N,\N,"1"
"582","","","","","","",", , 입력 : RGB / 오디오 | 출력 : 램프 / 오디오",\N,\N,\N,\N,\N,"1"
"583","","","","","","","1",\N,\N,\N,\N,\N,"1"
"584","Intel Core2 Q8300 2.5GHz","4GB","320GB Spinpoint F1 HD322HJ/DOM","","ASUS-P5KPL-AM Ibora","","",\N,\N,\N,\N,\N,"1"
"585","","","","","","","S/N : PC-091218 가격 포함",\N,\N,\N,\N,\N,"1"
"586","","","","","","","마우스 포트",\N,\N,\N,\N,\N,"1"
"587","","","","","","","",\N,\N,\N,\N,\N,"1"
"588","","","","","","","핸드폰/이어폰/USB/전원",\N,\N,\N,\N,\N,"1"
"590","","","","","","","경기도 수원시 영통구 매탄 3동 416 01089844380",\N,\N,\N,\N,\N,"1"
"591","QUAD 2.4 DUAL","8GB","1.8T","10/100/100","","","",\N,\N,\N,\N,\N,"1"
"592","Intel Core2 Duo P8600 2.4GHz","4GB","128GB","100","GMA X4500 MHD","3년간 익일 방문 서비스","",\N,\N,\N,\N,\N,"1"
"593","","","","","","","",\N,\N,\N,\N,\N,"1"
"593","Intel Core2 Duo P8600 ( 2.4GHz )","4GB","128GB","100","","",\N,"--","","","","","2"
"594","","","","","","","500GB",\N,\N,\N,\N,\N,"1"
"595","","","","","","","",\N,\N,\N,\N,\N,"1"
"596","","","","","","","본체,  USB케이블, eSATA 케이블과 커넥터, 받침대 ",\N,\N,\N,\N,\N,"1"
"597","","","","","","","본체, USB, 설명서",\N,\N,\N,\N,\N,"1"
"598","","","","","","",", ",\N,\N,\N,\N,\N,"1"
"599","","","","","","","",\N,\N,\N,\N,\N,"1"
"601","","","","","","","",\N,\N,\N,\N,\N,"1"
"602","","","","","","","",\N,\N,\N,\N,\N,"1"
"603","","","","","","","",\N,\N,\N,\N,\N,"1"
"604","","","","","","","",\N,\N,\N,\N,\N,"1"
"605","","","","","","","",\N,\N,\N,\N,\N,"1"
"606","","","","","","","",\N,\N,\N,\N,\N,"1"
"607","","","","","","","",\N,\N,\N,\N,\N,"1"
"608","","","","","","","",\N,\N,\N,\N,\N,"1"
"609","","","","","","","",\N,\N,\N,\N,\N,"1"
"610","","","","","","","2950",\N,\N,\N,\N,\N,"1"
"611","","","","","","","",\N,\N,\N,\N,\N,"1"
"612","","","","","","","",\N,\N,\N,\N,\N,"1"
"188","참조할것","","","","","",\N,"2010-02-03","안재훈->이경훈 으로 이관함.","","","","2"
"184","","","","","","",\N,"2010-02-03","안재훈->이경훈 으로 이관함.","","","","2"
"613","","","","","","","",\N,\N,\N,\N,\N,"1"
"614","","","","","","","",\N,\N,\N,\N,\N,"1"
"615","","","","","","","",\N,\N,\N,\N,\N,"1"
"616","","","","","","","",\N,\N,\N,\N,\N,"1"
"617","","","","","","","",\N,\N,\N,\N,\N,"1"
"618","","","","","","","",\N,\N,\N,\N,\N,"1"
"619","","","","","","","",\N,\N,\N,\N,\N,"1"
"620","","","","","","","",\N,\N,\N,\N,\N,"1"
"621","","","","","","","",\N,\N,\N,\N,\N,"1"
"622","","","","","","","",\N,\N,\N,\N,\N,"1"
"623","","","","","","","",\N,\N,\N,\N,\N,"1"
"624","","","","","","","",\N,\N,\N,\N,\N,"1"
"625","","","","","","","",\N,\N,\N,\N,\N,"1"
"626","","","","","","","",\N,\N,\N,\N,\N,"1"
"627","","","","","","","",\N,\N,\N,\N,\N,"1"
"629","","","","","","","",\N,\N,\N,\N,\N,"1"
"630","","","","","","","",\N,\N,\N,\N,\N,"1"
"631","","","","","","","",\N,\N,\N,\N,\N,"1"
"632","","","","","","","",\N,\N,\N,\N,\N,"1"
"633","","","","","","","",\N,\N,\N,\N,\N,"1"
"634","","","","","","","",\N,\N,\N,\N,\N,"1"
"635","","","","","","","",\N,\N,\N,\N,\N,"1"
"636","","","","","","","",\N,\N,\N,\N,\N,"1"
"636","core2Duo T9600","3GB","500GB","1GB","G105M","13.4",\N,"--","","","","","2"
"637","","","","","","","",\N,\N,\N,\N,\N,"1"
"638","","","","","","","",\N,\N,\N,\N,\N,"1"
"639","","","","","","","",\N,\N,\N,\N,\N,"1"
"640","","","","","","","",\N,\N,\N,\N,\N,"1"
"641","","","","","","","",\N,\N,\N,\N,\N,"1"
"642","","","","","","","",\N,\N,\N,\N,\N,"1"
"643","","","","","","","",\N,\N,\N,\N,\N,"1"
"644","","","","","","","",\N,\N,\N,\N,\N,"1"
"645","","","","","","","",\N,\N,\N,\N,\N,"1"
"646","","","","","","","",\N,\N,\N,\N,\N,"1"
"647","","","","","","","",\N,\N,\N,\N,\N,"1"
"648","","","","","","","",\N,\N,\N,\N,\N,"1"
"649","","","","","","","",\N,\N,\N,\N,\N,"1"
"650","","","","","","","",\N,\N,\N,\N,\N,"1"
"651","","","","","","","",\N,\N,\N,\N,\N,"1"
"647","E6500","DDR3 2G","320G","1000MB","","",\N,"--","","","","","2"
"648","E6500","DDR3 2G","320G","1000MB","","",\N,"--","","","","","2"
"649","E6500","DDR3 2G","320G","1000MB","","",\N,"--","","","","","2"
"650","E6500","DDR2 2G","320G","1000MB","","",\N,"--","","","","","2"
"651","E6500","DDR2 2G","320G","1000MB","","",\N,"--","","","","","2"
"652","","","","","","","",\N,\N,\N,\N,\N,"1"
"653","","","","","","","",\N,\N,\N,\N,\N,"1"
"654","","","","","","","",\N,\N,\N,\N,\N,"1"
"655","","","","","","","",\N,\N,\N,\N,\N,"1"
"656","","","","","","","",\N,\N,\N,\N,\N,"1"
"657","","","","","","","",\N,\N,\N,\N,\N,"1"
"658","","","","","","","",\N,\N,\N,\N,\N,"1"
"659","","","","","","","",\N,\N,\N,\N,\N,"1"
"660","","","","","","","",\N,\N,\N,\N,\N,"1"
"661","","","","","","","",\N,\N,\N,\N,\N,"1"
"662","","","","","","","",\N,\N,\N,\N,\N,"1"
"663","","","","","","","",\N,\N,\N,\N,\N,"1"
"663","P8600","2GB","320GB","1000","4500MHD","",\N,"--","","","","","2"
"662","P8600","2GB","320GB","1000","4500MHD","",\N,"--","","","","","2"
"661","i5-520M(2.4GHz)","3GB","500GB","1000","HD4550","",\N,"--","","","","","2"
"664","","","","","","","",\N,\N,\N,\N,\N,"1"
"665","","","","","","","",\N,\N,\N,\N,\N,"1"
"666","","","","","","","",\N,\N,\N,\N,\N,"1"
"667","","","","","","","",\N,\N,\N,\N,\N,"1"
"668","","","","","","","",\N,\N,\N,\N,\N,"1"
"253","T7200(2G)","2G","","","go 7400","",\N,"--","","","","","2"
"669","","","","","","","",\N,\N,\N,\N,\N,"1"
"670","","","","","","","",\N,\N,\N,\N,\N,"1"
"670","AMD데네브955BE","2G","500G","1000","HD4200","",\N,"--","","","","","2"
"671","","","","","","","",\N,\N,\N,\N,\N,"1"
"671","intel_i5","4G","500G","1000","GT330M","",\N,"--","","","","","2"
"672","","","","","","","",\N,\N,\N,\N,\N,"1"
"673","","","","","","","",\N,\N,\N,\N,\N,"1"
"674","","","","","","","",\N,\N,\N,\N,\N,"1"
"675","","","","","","","",\N,\N,\N,\N,\N,"1"
"676","","","","","","","",\N,\N,\N,\N,\N,"1"
"677","","","","","","","",\N,\N,\N,\N,\N,"1"
"678","","","","","","","",\N,\N,\N,\N,\N,"1"
"679","","","","","","","",\N,\N,\N,\N,\N,"1"
"680","","","","","","","",\N,\N,\N,\N,\N,"1"
"681","","","","","","","",\N,\N,\N,\N,\N,"1"
"682","","","","","","","",\N,\N,\N,\N,\N,"1"
"683","","","","","","","",\N,\N,\N,\N,\N,"1"
"683","","","80G","","ATI","",\N,"--","","","","","2"
"684","","","","","","","",\N,\N,\N,\N,\N,"1"
"685","","","","","","","",\N,\N,\N,\N,\N,"1"
"685","Core2Duo","2GB DDR2","320GB","","Geforce 9200M","",\N,"--","","","","","2"
"686","HP E5504","4GB","300GB","","","","","","","","","","1"
"687","Core2Duo","1.5GB","120GB","Marvell","GeForce 8400M","","",\N,\N,\N,\N,\N,"1"
"688","Core i5 2.4GHZ`","4GB","500GB","10/100MBPS","Ati Mobility Radeon","","",\N,\N,\N,\N,\N,"1"
"296","Intel Core2 Duo E8300","4GB","250GB","10/100/1000","3100","",\N,"--","","","","","2"
"689","","","","","","","2TB",\N,\N,\N,\N,\N,"1"
"690","Core i5 2.53GHZ","4GB DDR3","500GB","10/100/1000","Intel Accelerator HD","","",\N,\N,\N,\N,\N,"1"
"691","Intel i7-720QM","4GB","500GB","10/100/1000","","","",\N,\N,\N,\N,\N,"1"
"692","","","","","","","",\N,\N,\N,\N,\N,"1"
"693","","","","","","","",\N,\N,\N,\N,\N,"1"
"694","Core2 Duo 2.4","4GB","250GB","10/100/1000","Geforce 320M","","","","","","","","1"
"695","","","","","","","500만화소",\N,\N,\N,\N,\N,"1"
"696","","","","","","","",\N,\N,\N,\N,\N,"1"
"697","X2.0 * 2CPU","16GB","146GB * 2","10/100/1000","","","",\N,\N,\N,\N,\N,"1"
"698","","","","","","","",\N,\N,\N,\N,\N,"1"
"699","","","","","","","",\N,\N,\N,\N,\N,"1"
"704","","","","","","","",\N,\N,\N,\N,\N,"1"
"701","쿼드코어 E5506 2.13GHZ","12GB","146GB * 2","1000","","","","","","","","","1"
"702","쿼드코어 E5506 2.13GHZ","12GB","146GB * 2","1000","","","",\N,\N,\N,\N,\N,"1"
"705","","","","","","","",\N,\N,\N,\N,\N,"1"
"700","","","","","","",\N,"--","","","","","5"
"706","","","","","","","",\N,\N,\N,\N,\N,"1"
"700","",""," ","","","",\N,"--","","","","","7"
"707","Intel Core i5-540M 2.53GHZ","4GB DDR2","500GB","10/100/1000","ATI HD5450 512MB","","",\N,\N,\N,\N,\N,"1"
"708","Intel Core i3 530","DDR3 2G","160GB","10/100/1000","","","",\N,\N,\N,\N,\N,"1"
"709","Intel Core i3 530","DDR3 2GB","160GB","10/100/1000","","","",\N,\N,\N,\N,\N,"1"
"710","","","","","","","",\N,\N,\N,\N,\N,"1"
"711","","","","","","","",\N,\N,\N,\N,\N,"1"
"712","Quad Core 2.13GHz","2GB*2","500GB*2","10/100/1000","","티브로드 VOD광고용 ","",\N,\N,\N,\N,\N,"1"
"713","QuadCore 2.40GHz","2GB*2","146GB*2","10/100/1000","","티브로드 광고용","","","","","","","1"
"714","","","","","","","",\N,\N,\N,\N,\N,"1"
"717","Intel Core i7 950(블룸필드(","DDR3 2G * 3","1.5TB","10/100/1000","HD 4350 Helios D2 256MB","","",\N,\N,\N,\N,\N,"1"
"718","Intel Core i7 870(린필드)","DDR3 1G * 2","1.5TB * 2","10/100/1000","HD 4350 Helios D2 256MB","","",\N,\N,\N,\N,\N,"1"
"719","","","","","","","",\N,\N,\N,\N,\N,"1"
"720","","","","","","","",\N,\N,\N,\N,\N,"1"
"721","","","","","","","",\N,\N,\N,\N,\N,"1"
"722","","","","","","","",\N,\N,\N,\N,\N,"1"
"723","","","","","","","",\N,\N,\N,\N,\N,"1"
"724","Intel Core i7 ","4GB","640GB","1000","ATI Mobility Radeon HD 5650 1GB VRAM","","",\N,\N,\N,\N,\N,"1"
"725","","","","","","","",\N,\N,\N,\N,\N,"1"
"726","","","","","","","",\N,\N,\N,\N,\N,"1"
"727","","","","","","","8포트",\N,\N,\N,\N,\N,"1"
"728","4CORE 2.40 GHZ","4GB","250GB * 2","1000","","","",\N,\N,\N,\N,\N,"1"
"729","4CORE 2.40GHZ","4GB","250GB*2","1000","","","",\N,\N,\N,\N,\N,"1"
"730","4CORE 2.40GHZ","4GB","250GB*2","1000","","","",\N,\N,\N,\N,\N,"1"
"731","4CORE 2.40GHZ","4GB","250GB*2","1000","","","",\N,\N,\N,\N,\N,"1"
"732","4CORE 2.40GHZ","4GB","250GB*2","1000","","","",\N,\N,\N,\N,\N,"1"
"733","","","","","","","",\N,\N,\N,\N,\N,"1"
"737","8CORE 2.40GHZ","16GB","300GB * 8","1000","","","",\N,\N,\N,\N,\N,"1"
"734","8CORE 2.40GHZ","16GB","300GB * 12","1000","","","",\N,\N,\N,\N,\N,"1"
"735","8CORE 2.40GHZ","16GB","300GB * 16","1000","","","",\N,\N,\N,\N,\N,"1"
"736","8CORE 2.40GHZ","8GB","300GB * 2","1000","","","",\N,\N,\N,\N,\N,"1"
"738","","","","","","","MAC : 001E4048C6DA",\N,\N,\N,\N,\N,"1"
"739","","","","","","","",\N,\N,\N,\N,\N,"1"
"64","인텔 P4 3.2GHz","2GB","76GB","100","","","",\N,\N,\N,\N,\N,"1"
"65","Intel Core2 Duo E8400 3.0","2","150","100","","","",\N,\N,\N,\N,\N,"1"
"66","인텔 P4 3.2GHz","2GB","76GB","100","","","",\N,\N,\N,\N,\N,"1"
"67","Intel Pentium M 1.70GHz","504MB","60GB","100","82852/82855","","",\N,\N,\N,\N,\N,"1"
"68","인텔 T2400 1.83GHz","1GB","80GB","100","","","",\N,\N,\N,\N,\N,"1"
"69","Intel Pentium Cre2 Duo T7250 2.0GHz","1GB","80GB","1000","","","","","","","","","1"
"70","Intel 코어 2 듀어 2.1GHz","2GB","200GB","1000","","","",\N,\N,\N,\N,\N,"1"
"71","Intel Core2 E4500","1GB","160GB","1000","","","",\N,\N,\N,\N,\N,"1"
"72","Intel 코어2듀오 T7100 1.8GHz","1.5GB","110GB","1000","","","",\N,\N,\N,\N,\N,"1"
"73","Intel P-4 3.0GHz","2GB","530GB","1000","","","",\N,\N,\N,\N,\N,"1"
"74","AMD 4800+","2GB","320GB","1000","","","",\N,\N,\N,\N,\N,"1"
"76","Intel Core2 E4500","1GB","160GB","1000","","","",\N,\N,\N,\N,\N,"1"
"77","인텔 코어2쿼드 요크필드 Q8200","2GB","320GB","1000","","","",\N,\N,\N,\N,\N,"1"
"78","인텔 코어2쿼드 요크필드 Q8200","2GB","640GB","1000","","","",\N,\N,\N,\N,\N,"1"
"79","Intel Core2 E4400","2GB","160GB","1000","","","",\N,\N,\N,\N,\N,"1"
"80","인텔 P4 3.0 GHz","1GB","76GB","1000","","창고 보관(넓이가 얇음)","",\N,\N,\N,\N,\N,"1"
"81","","","","","","","24인치, 1920 x 1200",\N,\N,\N,\N,\N,"1"
"84","","","","","","","24인치, 1920 x 1200",\N,\N,\N,\N,\N,"1"
"85","","","","","","","24인치, 1920 x 1200",\N,\N,\N,\N,\N,"1"
"86","","","","","","","24인치, 1920 x 1200",\N,\N,\N,\N,\N,"1"
"87","","","","","","","22인치, 1680 x 1050",\N,\N,\N,\N,\N,"1"
"88","","","","","","","24인치, 1920 x 1200",\N,\N,\N,\N,\N,"1"
"90","","","","","","","24인치, 1920 x 1200",\N,\N,\N,\N,\N,"1"
"91","","","","","","",", , ",\N,\N,\N,\N,\N,"1"
"97","","","","","","","23인치, 1920 x 1200",\N,\N,\N,\N,\N,"1"
"98","","","","","","","19인치",\N,\N,\N,\N,\N,"1"
"99","","","","","","","22인치, 1680 x 1050",\N,\N,\N,\N,\N,"1"
"100","","","","","","","24인치",\N,\N,\N,\N,\N,"1"
"101","","","","","","","22인치, 1680 x 1050",\N,\N,\N,\N,\N,"1"
"102","","","","","","","22인치",\N,\N,\N,\N,\N,"1"
"103","","","","","","","22인치, 1680 x 1050",\N,\N,\N,\N,\N,"1"
"104","","","","","","","24인치",\N,\N,\N,\N,\N,"1"
"105","","","","","","","24인치, 1920 x 1200",\N,\N,\N,\N,\N,"1"
"106","","","","","","","24인치, 1920 x 1200",\N,\N,\N,\N,\N,"1"
"107","","","","","","","24인치",\N,\N,\N,\N,\N,"1"
"108","","","","","","","23인치",\N,\N,\N,\N,\N,"1"
"109","","","","","","","22인치",\N,\N,\N,\N,\N,"1"
"110","","","","","","","22인치",\N,\N,\N,\N,\N,"1"
"111","","","","","","","24인치, 1920 x 1200",\N,\N,\N,\N,\N,"1"
"113","","","","","","","23인치",\N,\N,\N,\N,\N,"1"
"114","","","","","","","24인치,1920 x 1200",\N,\N,\N,\N,\N,"1"
"115","","","","","","","24인치",\N,\N,\N,\N,\N,"1"
"116","","","","","","","19인치,1280 x 1024",\N,\N,\N,\N,\N,"1"
"117","","","","","","","24인치",\N,\N,\N,\N,\N,"1"
"118","","","","","","","19인치,1280 x 1024",\N,\N,\N,\N,\N,"1"
"119","","","","","","","24인치",\N,\N,\N,\N,\N,"1"
"121","","","","","","","23인치,1920 x 1200",\N,\N,\N,\N,\N,"1"
"122","","","","","","","",\N,\N,\N,\N,\N,"1"
"123","","","","","","","23인치,1920 x 1200",\N,\N,\N,\N,\N,"1"
"124","","","","","","","23인치,1920 x 1200",\N,\N,\N,\N,\N,"1"
"125","","","","","","","",\N,\N,\N,\N,\N,"1"
"126","","","","","","","23인치,1920 x 1200",\N,\N,\N,\N,\N,"1"
"143","","","","","","","24인치,1920 x 1080",\N,\N,\N,\N,\N,"1"
"144","","","","","","","24인치,1920 x 1200",\N,\N,\N,\N,\N,"1"
"145","","","","","","","24인치,1920 x 1080",\N,\N,\N,\N,\N,"1"
"146","","","","","","","24인치,1920 x 1200",\N,\N,\N,\N,\N,"1"
"159","","","","","","","",\N,\N,\N,\N,\N,"1"
"160","","","","","","","",\N,\N,\N,\N,\N,"1"
"161","","","","","","","",\N,\N,\N,\N,\N,"1"
"162","","","","","","","23인치,1920 x 1200",\N,\N,\N,\N,\N,"1"
"163","","","","","","","24인치,1920 x 1080",\N,\N,\N,\N,\N,"1"
"164","","","","","","","",\N,\N,\N,\N,\N,"1"
"165","","","","","","","23인치,1920 x 1200",\N,\N,\N,\N,\N,"1"
"166","","","","","","","",\N,\N,\N,\N,\N,"1"
"167","","","","","","","",\N,\N,\N,\N,\N,"1"
"168","","","","","","","",\N,\N,\N,\N,\N,"1"
"169","","","","","","","",\N,\N,\N,\N,\N,"1"
"170","","","","","","","",\N,\N,\N,\N,\N,"1"
"171","","","","","","","",\N,\N,\N,\N,\N,"1"
"172","","","","","","","",\N,\N,\N,\N,\N,"1"
"173","","","","","","","",\N,\N,\N,\N,\N,"1"
"174","","","","","","","",\N,\N,\N,\N,\N,"1"
"175","P3 제온 700MHz","512MB","67GB","","","위치 : 공용시스템","","","","","","","1"
"176","Intel P3 997Hz","512MB","9.7GB,58GB,69GB","","ATI 3D Rage IIC ","위치 : 공용시스템","","","","","","","1"
"177","Intel P3 1GHz","512MB","2.9B,62GB","","","위치 : 연구소개발시스템#1","","","","","","","1"
"178","P3 제온 700MHz*2","512MB","16GB,542GB","","","","",\N,\N,\N,\N,\N,"1"
"179","Intel 701MHz","512MB","74GB,1.36TB*2","1G","Rage XL","","","","","","","","1"
"180","Intel 3.06GHz","3.82GB","35GB,546GB","","","","",\N,\N,\N,\N,\N,"1"
"181","Intel P3 997MHz","256MB","107GB","","","위치 : 공용시스템","","","","","","","1"
"183","AMD Opteron(tm) 246","4GB","133GB","","","","",\N,\N,\N,\N,\N,"1"
"184","AMD Opteron(tm) 246","4GB","133GB","","","","",\N,\N,\N,\N,\N,"1"
"185","Intel 2.40Hz","2GB","34GB,1.2TB","1G","Rage XL","","","","","","","","1"
"186","Intel 3.0GHz","8GB","135GB","1G","MGA G200","","","","","","","","1"
"187","Intel 3.0GHz","8GB","135GB","","","","",\N,\N,\N,\N,\N,"1"
"188","Intel 2.33GHz","4GB","73GB","","","","",\N,\N,\N,\N,\N,"1"
"189","Intel 2.33GHz","4GB","73GB","1G","ATI ES1000","전면 베젤 없음","","","","","","","1"
"190","Intel 233GHz","4GB","73GB","1G","ATI ES1000","전면 베젤 없음 : 후면 VGA 손상","","","","","","","1"
"191","Intel 2.33GHz","4GB","73GB","1G","ATI ES1000","전면 베젤 없음","","","","","","","1"
"192","Intel 2.33GHz","4GB","73GB,146GB*2","","","","",\N,\N,\N,\N,\N,"1"
"193","Intel Dual-Core Xeon 2.67GB*2","2GB","72GB*2,146GB*2","1G","Rage XL","","","","","","","","1"
"194","Intel Dual-Core Xeon 2.67GHz*2","2GB","72GB*2,146GB*2","","","","",\N,\N,\N,\N,\N,"1"
"195","Intel 2.6GHz","6GB","73GB","NetXtreme BCM5704 * 4","Rage XL","","","","","","","","1"
"715","Intel P3 1GHz","1GB","36GB,70GB","Intel pro 100+","ATI Rage XL","","",\N,\N,\N,\N,\N,"1"
"740","","","","","","","",\N,\N,\N,\N,\N,"1"
"743","","","","","","","삼각대(1,5000원), 메모리카드 8GB (45,000원)",\N,\N,\N,\N,\N,"1"
"744","","","","","","","삼각대(1,5000원), 메모리카드 8GB (45,000원)",\N,\N,\N,\N,\N,"1"
"745","","","","","","","",\N,\N,\N,\N,\N,"1"
"746","","","","","","","",\N,\N,\N,\N,\N,"1"
"747","","","","","","","",\N,\N,\N,\N,\N,"1"
"748","","","","","","","",\N,\N,\N,\N,\N,"1"
"749","","","","","","","",\N,\N,\N,\N,\N,"1"
"750","","","","","","","",\N,\N,\N,\N,\N,"1"
"751","","","","","","","",\N,\N,\N,\N,\N,"1"
"752","2.66GHz Core2 Duo","4GB DDR3","1TB","10/100/1000","Nvidia GeForce 320M","","",\N,\N,\N,\N,\N,"1"
"753","","","","","","","",\N,\N,\N,\N,\N,"1"
"754","","","","","","","",\N,\N,\N,\N,\N,"1"
"758","","","","","","","",\N,\N,\N,\N,\N,"1"
"759","","","","","","","",\N,\N,\N,\N,\N,"1"
"760","","","","","","","",\N,\N,\N,\N,\N,"1"
"761","","","","","","","5층 창고 보관중",\N,\N,\N,\N,\N,"1"
"762","","","","","","","",\N,\N,\N,\N,\N,"1"
"763","","","","","","","70GB",\N,\N,\N,\N,\N,"1"
"764","","","","","","","",\N,\N,\N,\N,\N,"1"
"765","","","","","","","",\N,\N,\N,\N,\N,"1"
"767","","","","","","","",\N,\N,\N,\N,\N,"1"
"768","","","","","","","64GB",\N,\N,\N,\N,\N,"1"
"769","","","","","","","64GB",\N,\N,\N,\N,\N,"1"
"770","","","","","","","64GB",\N,\N,\N,\N,\N,"1"
"772","","","","","","","",\N,\N,\N,\N,\N,"1"
"773","","","","","","","",\N,\N,\N,\N,\N,"1"
"775","","","","","","","16GB",\N,\N,\N,\N,\N,"1"
"778","","","","","","","",\N,\N,\N,\N,\N,"1"
"779","","","","","","","",\N,\N,\N,\N,\N,"1"
"779","Intel Core i7 -7400QM ","6GB DDR3","500GB","10/100","Radeon HD 5450 1GB VRAM","",\N,"--","","","","","2"
"780","","","","","","","USB케이블 X 1, 전원케이블 X 1",\N,\N,\N,\N,\N,"1"
"781","","","","","","","",\N,\N,\N,\N,\N,"1"
"782","","","","","","","",\N,\N,\N,\N,\N,"1"
"783","","","","","","","",\N,\N,\N,\N,\N,"1"
"784","","","","","","","",\N,\N,\N,\N,\N,"1"
"785","","","","","","","",\N,\N,\N,\N,\N,"1"
"786","","","","","","","146GB",\N,\N,\N,\N,\N,"1"
"787","","","","","","","146.8GB",\N,\N,\N,\N,\N,"1"
"788","","","","","","","",\N,\N,\N,\N,\N,"1"
"789","","","","","","","300GB",\N,\N,\N,\N,\N,"1"
"790","","","","","","","300GB",\N,\N,\N,\N,\N,"1"
"791","","","","","","","146GB",\N,\N,\N,\N,\N,"1"
"792","","","","","","","160GB",\N,\N,\N,\N,\N,"1"
"793","","","","","","","",\N,\N,\N,\N,\N,"1"
"794","Core i5 2.53Ghz","4GB","500GB","10/100/1000","nVida GT 1GB","","",\N,\N,\N,\N,\N,"1"
"795","i7 720QM","DDR3 4GB","640GB","10/100/1000","GT 330M 1GB","","",\N,\N,\N,\N,\N,"1"
"796","","","","","","","재고량 : 2개",\N,\N,\N,\N,\N,"1"
"797","","","","","","","재고량 : 14개",\N,\N,\N,\N,\N,"1"
"798","","","","","","","재고수량 : 9개",\N,\N,\N,\N,\N,"1"
"799","","","","","","","",\N,\N,\N,\N,\N,"1"
"800","P4 3.0Ghz","1GB","80GB","10/100","","","",\N,\N,\N,\N,\N,"1"
"801","P4-650","1GB","60GB","10/100","","","",\N,\N,\N,\N,\N,"1"
"802","","","","","","","",\N,\N,\N,\N,\N,"1"
"54","","","","","","",\N,"2010-07-14","메모리 2GB 구매","110,000","M정선민","회계원장","2"
"54","","","","","","",\N,"2010-07-14","2GB 메모리 구매 ","110,000","M정선민","회계원장","3"
"806","쿼드코어 i7-870","DDR3 2GB*2","500GB","10/100/1000","지포스 9300GS 256MB","","",\N,\N,\N,\N,\N,"1"
"807","쿼드코어 i7-870","DDR3 2GB*2","500GB","10/100/1000","지포스 9300GS 256MB","","",\N,\N,\N,\N,\N,"1"
"808","쿼드코어 i7-870","DDR3 2GB*2","500GB","10/100/1000","지포스 9300GS 256MB","","",\N,\N,\N,\N,\N,"1"
"809","쿼드코어 i7-870","DDR3 2GB*2","500GB","10/100/1000","지포스 9300GS D2 256MB","","",\N,\N,\N,\N,\N,"1"
"810","쿼드코어 i7","DDR3 2GB*2","500GB","10/100/1000","지포스 9300GS 256MB","","",\N,\N,\N,\N,\N,"1"
"811","쿼드코어 i7-870","DDR3 2GB*2","500GB","10/100/1000","지포스 9300GS 256MB","","",\N,\N,\N,\N,\N,"1"
"812","쿼드코어 i7-870","DDR3 2GB*2","500GB","10/100/1000","지포스 9300GS 256MB","","",\N,\N,\N,\N,\N,"1"
"813","쿼드코어 i7-870","DDR3 2GB*2","500GB","10/100/1000","지포스 9300GS 256MB","","",\N,\N,\N,\N,\N,"1"
"814","","","","","","","64GB",\N,\N,\N,\N,\N,"1"
"815","","","","","","","",\N,\N,\N,\N,\N,"1"
"816","","","","","","","",\N,\N,\N,\N,\N,"1"
"819","","","","","","","",\N,\N,\N,\N,\N,"1"
"822","Core i7-740QM","DDR3 4GB","640GB","10/100/1000","GeForce GT 435M","","",\N,\N,\N,\N,\N,"1"
"823","Core i7-740QM","DDR3 6GB","500GB","10/100/1000","ATI  레이디언","보증기간 1년","",\N,\N,\N,\N,\N,"1"
"824","Core i5-2410M","4GB DDR3","640GB","","nVidia Geforce GT 540M","","",\N,\N,\N,\N,\N,"1"
"254","","","","","","","",\N,\N,\N,\N,\N,"1"
"264","","","","","","","61cm(24형) / 1920 x 1080 ",\N,\N,\N,\N,\N,"1"
"268","","","","","","","",\N,\N,\N,\N,\N,"1"
"716","","","","","","","",\N,\N,\N,\N,\N,"1"
"776","","","","","","","16GB",\N,\N,\N,\N,\N,"1"
"804","2.66GHz x5550","12GB","146GB * 2","10/100/1000","","","",\N,\N,\N,\N,\N,"1"
"805","2.66GHz x5650","12GB","146GB * 2","10/100/1000","","","",\N,\N,\N,\N,\N,"1"
"820","Core i5-470UM","DDR3 4GB","320GB","10/100","intel HD","보증기간1년","",\N,\N,\N,\N,\N,"1"
"821","Core i7-740QM","DDR3 4GB","640GB","10/100/1000","GeForce GT 435M","보증기간1년","",\N,\N,\N,\N,\N,"1"
"825","Core i7-740QM","4GB DDR3","604GB","10/100/1000","nVidia Geforce GT 435M 2GB VRAM","","",\N,\N,\N,\N,\N,"1"
"826","Core i7-620M","6GB DDR3","500GB","10/100/1000","intel GMD HD","","",\N,\N,\N,\N,\N,"1"
"827","AMD 페넘2 X4 3.2GHz","4GB DDR3","1TB","10/100/1000","","","",\N,\N,\N,\N,\N,"1"
"828","","","","","","","24포트, 10/100지원",\N,\N,\N,\N,\N,"1"
"829","Core i5","8GB","640GB","10/100/1000","없음","","",\N,\N,\N,\N,\N,"1"
"830","Core i5","8GB","640GB","10/100/1000","없음","","",\N,\N,\N,\N,\N,"1"
"831","Core i5","8GB","640GB","10/100/1000","없음","","",\N,\N,\N,\N,\N,"1"
"832","Core i5","8GB","640GB","10/100/1000","없음","","",\N,\N,\N,\N,\N,"1"
"833","Core i5","8GB","640GB","10/100/1000","없음","","",\N,\N,\N,\N,\N,"1"
"834","Xeon W3550 3.06 QC","4GB","500GB*2","10/100/1000","Nvidia Quadro FX380 256MB","","","","","","","","1"
"836","","","","","","","",\N,\N,\N,\N,\N,"1"
"837","","","","","","","",\N,\N,\N,\N,\N,"1"
"838","","","","","","","10/100/1000",\N,\N,\N,\N,\N,"1"
"839","","","","","","","",\N,\N,\N,\N,\N,"1"
"840","","","","","","","",\N,\N,\N,\N,\N,"1"
"841","","","","","","","",\N,\N,\N,\N,\N,"1"
"842","","","","","","","",\N,\N,\N,\N,\N,"1"
"843","","","","","","","",\N,\N,\N,\N,\N,"1"
"71","","1GB","","","","",\N,"2011-04-13","메모리추가","24,300","","","2"
"848","","","","","","","",\N,\N,\N,\N,\N,"1"
"850","","","","","","","",\N,\N,\N,\N,\N,"1"
"851","","","","","","","",\N,\N,\N,\N,\N,"1"
"852","","","","","","","10/100/1000 24PORT",\N,\N,\N,\N,\N,"1"
"853","","","","","","","10/100/1000 24PORT",\N,\N,\N,\N,\N,"1"
"854","","","","","","","10/100/1000 24PORT",\N,\N,\N,\N,\N,"1"
"855","","","","","","","10/100/1000 24PORT",\N,\N,\N,\N,\N,"1"
"856","","","","","","","10/10/1000 24PORT",\N,\N,\N,\N,\N,"1"
"857","","","","","","","10/100/1000 24PORT",\N,\N,\N,\N,\N,"1"
"858","i7-2630QM 2.0GHz","4GB DDR3","500GB","10/100/1000","Nvidia GeForce GT 540M 2GB","","",\N,\N,\N,\N,\N,"1"
"859","","","","","","","",\N,\N,\N,\N,\N,"1"
"860","i5-2400 3.10Ghz","DDR3 4GB","500GB","10/100/1000","지포스 GTS450","","",\N,\N,\N,\N,\N,"1"
"861","","","","","","","24인치 LCD",\N,\N,\N,\N,\N,"1"
"862","","","","","","","23인치",\N,\N,\N,\N,\N,"1"
"863","core i7-2630QM(2.0GHz)","4GB DDR3","640GB","10/100/1000","지포스 GT 540M 1GB DDR3","노트북가방","",\N,\N,\N,\N,\N,"1"
"864","Xeon 4Core 2.40Hz","8GB","250, 500GB","10/100/1000","","","",\N,\N,\N,\N,\N,"1"
"865","Xeon 4Core 2.40GHz","8GB","250, 500GB","10/100/1000","","","",\N,\N,\N,\N,\N,"1"
"866","Xeon 4Core 2.40GHz","8GB","250, 500GB","10/100/1000","","","",\N,\N,\N,\N,\N,"1"
"867","Xeon 4Core 2.40GHz","8GB","250, 500GB","10/100/1000","","","",\N,\N,\N,\N,\N,"1"
"868","Xeon 4Core 2.40GHz","8GB","250, 500GB","10/100/1000","","","",\N,\N,\N,\N,\N,"1"
"870","Xeon 4Core 2.40GHz","8GB","250, 500GB","10/100/1000","","","",\N,\N,\N,\N,\N,"1"
"871","Xeon 4Core 2.40GHz","8GB","250, 500GB","10/100/1000","","","",\N,\N,\N,\N,\N,"1"
"872","Xeon 4Core 2.40GHz","8GB","250, 500GB","10/100/1000","","","",\N,\N,\N,\N,\N,"1"
"873","Xeon 4Core 2.40GHz","8GB","250, 500GB","10/100/1000","","","",\N,\N,\N,\N,\N,"1"
"874","Intel i7 2.7Ghz","4GB DDR3","320GB","10/100/1000","라데온 HD 2GB DDR3","","",\N,\N,\N,\N,\N,"1"
"876","","","","","","","",\N,\N,\N,\N,\N,"1"
"877","","","","","","","",\N,\N,\N,\N,\N,"1"
"878","","","","","","","",\N,\N,\N,\N,\N,"1"
"879","","","","","","","64GB Wifi전용",\N,\N,\N,\N,\N,"1"
"880","","","","","","","64GB wifi전용",\N,\N,\N,\N,\N,"1"
"883","","","","","","","Wifi 32GB",\N,\N,\N,\N,\N,"1"
"882","","","","","","","Wifi 32GB",\N,\N,\N,\N,\N,"1"
"885","Core i5-470UM","DDR 4GB","320GB","10/100","인텔 HD 그래픽스","12.5인치","",\N,\N,\N,\N,\N,"1"
"886","Intel Core i5","DDR3 4GB","1TB","10/100/1000","지포스 GTS450","","",\N,\N,\N,\N,\N,"1"
"887","","","","","","","8Port",\N,\N,\N,\N,\N,"1"
"888","","","","","","","24포트",\N,\N,\N,\N,\N,"1"
"889","코어 I5","8GB","128SSD","10/100/1000","내장그래픽","","",\N,\N,\N,\N,\N,"1"
"890","Xeon W3565 3.20","DDR3 4GB","500GB * 2","10/100/1000","NVIDIA Quadro 400","","",\N,\N,\N,\N,\N,"1"
"891","Xeon W3565 3.20","DDR3 4GB","500GB * 2","10/100/1000","NVIDIA Quadro 400","","",\N,\N,\N,\N,\N,"1"
"892","","","","","","","24인치",\N,\N,\N,\N,\N,"1"
"893","","","","","","","24인치",\N,\N,\N,\N,\N,"1"
"894","","","","","","","24인치",\N,\N,\N,\N,\N,"1"
"898","","","","","","","16GB 3G + Wifi",\N,\N,\N,\N,\N,"1"
"899","i5-2세대 17GHz","4GB","128GB","10/100/1000","","","",\N,\N,\N,\N,\N,"1"
"900","","","","","","","23인치",\N,\N,\N,\N,\N,"1"
"902","","","","","","","3G + Wifi 16GB",\N,\N,\N,\N,\N,"1"
"904","","","","","","","16GB",\N,\N,\N,\N,\N,"1"
"908","Core i7 2.2GHz","DDR3 8GB","1TB","10/100/1000","지포스 optimus","","",\N,\N,\N,\N,\N,"1"
"909","i5-2467M","4GB","128GB SSD","10/100/1000","intel GMA HD 3000","","",\N,\N,\N,\N,\N,"1"
"910","","","","","","","500GB USB3.0",\N,\N,\N,\N,\N,"1"
"913","","","","","","","",\N,\N,\N,\N,\N,"1"
"914","","","","","","","16GB",\N,\N,\N,\N,\N,"1"
"915","","","","","","","16GB",\N,\N,\N,\N,\N,"1"
"917","i7 2670QM","4GB DDR3","750GB","10/100/1000","ATI HD 1GB","","",\N,\N,\N,\N,\N,"1"
"918","i7 2600","8GB DDR3","SSD 128GB","10/100/1000","Geforce GT440 512MB","","",\N,\N,\N,\N,\N,"1"
"919","i5-2세대 2500","DDR3 4GB","1TB, SSD60GB","10/100/1000","VTX3D 라데온 1TB","","",\N,\N,\N,\N,\N,"1"
"921","","","","","","","24인치",\N,\N,\N,\N,\N,"1"
"922","","","","","","","24인치",\N,\N,\N,\N,\N,"1"
"923","","","","","","","24인치",\N,\N,\N,\N,\N,"1"
"924","","","","","","","24인치",\N,\N,\N,\N,\N,"1"
"925","i3-2세대 2100","DDR3 4GB","500GB","10/100/1000","라데온 HD 1GB","","",\N,\N,\N,\N,\N,"1"
"926","i3-2세대 2100","DDR3 4GB","500GB","10/100/1000","라데온 HD 6770 1GB","","",\N,\N,\N,\N,\N,"1"
"927","i3-2세대 2100","DDR3 4GB","500GB","10/100/1000","라데온 HD 6700 1GB","","",\N,\N,\N,\N,\N,"1"
"928","i3-2세대 2100","DDR3 4GB","500GB","10/100/1000","라데온 HD 1GB","","",\N,\N,\N,\N,\N,"1"
"929","","","","","","","4:1",\N,\N,\N,\N,\N,"1"
"930","","","","","","","",\N,\N,\N,\N,\N,"1"
"932","HC 2.8GHz 2p12c","48GB","146GB * 2, 120GB * 14 SSD","10G NIC 2ea","","","",\N,\N,\N,\N,\N,"1"
"933","Xeon 3.2GHz","4GB","500GB * 2","10/100/1000","","","",\N,\N,\N,\N,\N,"1"
"935","4CORE XEON E5620 2.4GHZ","12GB","300GB * 2","10/100/1000","","","",\N,\N,\N,\N,\N,"1"
"936","XEON E5620 2.4GHZ","12GB","300GB * 2","10/100/1000","","","",\N,\N,\N,\N,\N,"1"
"937","XEON E5620 2.4GHZ","12GB","300GB * 2","10/100/1000","","","",\N,\N,\N,\N,\N,"1"
"938","","","300GB * 12","","","","",\N,\N,\N,\N,\N,"1"
"939","","","","","","","27인치 3D모니터",\N,\N,\N,\N,\N,"1"
"940","2557M i5, ","DDR3 4GB, ","128GB SSD, ","10/100/1000, ",", ",", ","",\N,\N,\N,\N,\N,"1"
"941","2557M i5","DDR3 4GB","128GB SSD","10/100/1000","","","",\N,\N,\N,\N,\N,"1"
"942","","","300GB * 10","","","","",\N,\N,\N,\N,\N,"1"
"943","E3-1220 4Core","8GB","450GB * 2","10/100/1000","","","",\N,\N,\N,\N,\N,"1"
"944","E3-1220 4Core","8GB","600GB * 4","10/100/1000","","","",\N,\N,\N,\N,\N,"1"
"948","E5620 8Core","12GB","450GB * 2","10/100/1000","","","",\N,\N,\N,\N,\N,"1"
"949","E5620 8Core","12GB","146GB * 2, 300GB * 14","10/100/1000","","","",\N,\N,\N,\N,\N,"1"
"950","E5620 8Core","12GB","146GB * 2, 450GB * 4","10/100/1000","","","",\N,\N,\N,\N,\N,"1"
"952","i7-2600 3.4Ghz","DDR3 8GB","SSD 64GB","10/100/1000","","","",\N,\N,\N,\N,\N,"1"
"953","","","","","","","",\N,\N,\N,\N,\N,"1"
"954","","","","","","","",\N,\N,\N,\N,\N,"1"
"955","","","","","","","",\N,\N,\N,\N,\N,"1"
"956","i5-2400 ","DDR3 8GB","1TB, SSD60GB","10/100/1000","","","",\N,\N,\N,\N,\N,"1"
"957","i5-2400","DDR3 8GB","1TB, SSD60GB","10/100/1000","","","",\N,\N,\N,\N,\N,"1"
"958","i5-2500","DDR3 8GB","1TB","10/100/1000","","","",\N,\N,\N,\N,\N,"1"
"959","Core i5","2GB","500GB","10/100/1000","","","",\N,\N,\N,\N,\N,"1"
"962","i5-2467M","4GB DDR3","SSD 128GB","10/100/1000","","","",\N,\N,\N,\N,\N,"1"
"963","i7 2.7GH","DDR3 8GB","256GB SSD","10/100/1000","Nvidea Geforce 610M","","",\N,\N,\N,\N,\N,"1"
"965","","","","","","","",\N,\N,\N,\N,\N,"1"
"966","","","","","","","",\N,\N,\N,\N,\N,"1"
"969","","","","","","","3G+ Wifi 32GB KT",\N,\N,\N,\N,\N,"1"
"970","","","","","","","3G + Wifi 32GB KT",\N,\N,\N,\N,\N,"1"
"975","","","","","","","",\N,\N,\N,\N,\N,"1"
"977","쿼드코어 i5-3550","DDR3 8GB","SSD 128GB","10/100/1000","Radeon HD6850","","",\N,\N,\N,\N,\N,"1"
"978","i7-3세대, ","8GB, ","SSD 128GB, ","10/100/1000, ","지포스 GT 640M, ",", ","",\N,\N,\N,\N,\N,"1"
"979","i5-3550","DDR3 8GB","SSD128GB, SATA 1TB","10/100/1000","","","",\N,\N,\N,\N,\N,"1"
"980","","","","","","","",\N,\N,\N,\N,\N,"1"
"981","i7-2620M","4GB DDR3","640GB SATA","10/100/1000","AMD Radeon HD 1GB","","",\N,\N,\N,\N,\N,"1"
"982","","","","","","","",\N,\N,\N,\N,\N,"1"
"983","i5-3세대 3.4Ghz","DDR3 4GB","128GB SSD ","10/100/1000","","","",\N,\N,\N,\N,\N,"1"
"984","i7-3세대(1.9GHz)","DDR3 8GB","SSD 128GB","10/100/1000","지포스 GT640M","","",\N,\N,\N,\N,\N,"1"
"985","i7-3세대(1.9GHz)","DDR3 8GB","SSD 128GB","10/100/1000","지포스 GT640M","","",\N,\N,\N,\N,\N,"1"
"986","E3-1225 V2","DDR3 16GB","1TB SATA","10/100/1000","QUADRO NVS 300","","","2017-11-01","성능 향상을 위한 일부 장비 변경","0","이수웅","","1"
"987","","","","","","","24인치 LED",\N,\N,\N,\N,\N,"1"
"989","i5-3210M","DDR3 8GB","128GB SSD","10/100/1000","GT640M","","",\N,\N,\N,\N,\N,"1"
"991","i5-3세대","4G* 4ea","SSD 128 * 2","10/100/1000","","","",\N,\N,\N,\N,\N,"1"
"992","i7 3세대","DDR3 8GB","750GB","10/100/1000","지포스 GT650M","워런티 넘버 : GCG7C0411A0008","","","","","","","1"
"993","i7 3세대","DDR3 8GB","750GB","10/100/1000","지포스 GT650M","","",\N,\N,\N,\N,\N,"1"
"376","","","","","","","",\N,\N,\N,\N,\N,"1"
"381","","","","","","","",\N,\N,\N,\N,\N,"1"
"385","","","","","","","",\N,\N,\N,\N,\N,"1"
"388","","","","","","","",\N,\N,\N,\N,\N,"1"
"391","","","","","","","",\N,\N,\N,\N,\N,"1"
"392","","","","","","","",\N,\N,\N,\N,\N,"1"
"393","","","","","","","",\N,\N,\N,\N,\N,"1"
"403","","","","","","","",\N,\N,\N,\N,\N,"1"
"405","","","","","","","",\N,\N,\N,\N,\N,"1"
"408","","","","","","","",\N,\N,\N,\N,\N,"1"
"410","","","","","","","",\N,\N,\N,\N,\N,"1"
"412","","","","","","","",\N,\N,\N,\N,\N,"1"
"420","","","","","","","",\N,\N,\N,\N,\N,"1"
"428","","","","","","","",\N,\N,\N,\N,\N,"1"
"434","","","","","","","",\N,\N,\N,\N,\N,"1"
"441","","","","","","","",\N,\N,\N,\N,\N,"1"
"442","","","","","","","",\N,\N,\N,\N,\N,"1"
"443","","","","","","","",\N,\N,\N,\N,\N,"1"
"444","","","","","","","",\N,\N,\N,\N,\N,"1"
"446","","","","","","","",\N,\N,\N,\N,\N,"1"
"447","","","","","","","",\N,\N,\N,\N,\N,"1"
"448","","","","","","","",\N,\N,\N,\N,\N,"1"
"460","","","","","","","",\N,\N,\N,\N,\N,"1"
"464","","","","","","","",\N,\N,\N,\N,\N,"1"
"733","8CORE 2.40GHZ","12GB","300GB * 2","1000","","",\N,"--","","","","","2"
"741","","","","","","","",\N,\N,\N,\N,\N,"1"
"742","","","","","","","",\N,\N,\N,\N,\N,"1"
"766","","","","","","","10/100/1000",\N,\N,\N,\N,\N,"1"
"771","","","","","","","64GB",\N,\N,\N,\N,\N,"1"
"817","","","","","","","",\N,\N,\N,\N,\N,"1"
"818","","","","","","","",\N,\N,\N,\N,\N,"1"
"916","","","","","","","3G + Wifi",\N,\N,\N,\N,\N,"1"
"934","Xeon 3.2GHz","4GB","500GB * 2","10/100/1000","","","",\N,\N,\N,\N,\N,"1"
"951","2557M i5","DDR4 4GB","128GB SSD","10/100/1000","","","",\N,\N,\N,\N,\N,"1"
"964","i7-2677M 1.8GHz","DDR3 4GB","128GB SSD","10/100/1000","intel HD Graphics 3000","","",\N,\N,\N,\N,\N,"1"
"968","i5-3세대","DDR3 8GB","SSD 64GB","10/100/1000","라데온 HD 6850 1GB","","",\N,\N,\N,\N,\N,"1"
"976","i5","4GB","128GB","10/100/1000","intel HD","","",\N,\N,\N,\N,\N,"1"
"988","","","","","","","24인치 LED",\N,\N,\N,\N,\N,"1"
"990","","","","","","","23인치 LED",\N,\N,\N,\N,\N,"1"
"994","","","","","","","",\N,\N,\N,\N,\N,"1"
"995","i5 3317u 1.7Ghz","8GB","SSD 128GB","10/100/1000","Intel HD 4000","ODD 추가구매","",\N,\N,\N,\N,\N,"1"
"996","i5-3세대 3570","8GB","SSD120GB, 1TB","10/100/1000","","","",\N,\N,\N,\N,\N,"1"
"999","i7-3세대 3770k아이브릿지","DDR3 16GB","SSD256, SATA2TB","10/100/1000","라데온 HD 7850","","",\N,\N,\N,\N,\N,"1"
"1000","i7-3세대 3630QM","DDR3 16GB","750GB / 128GB","10/100/1000","GTX660M","","",\N,\N,\N,\N,\N,"1"
"1001","i7-3세대 3770K","DDR3 16GB","SSD256, SATA2TB","10/100/1000","지포스 GTX650","","",\N,\N,\N,\N,\N,"1"
"1002","","","","","","","24인치 모니터",\N,\N,\N,\N,\N,"1"
"1003","","","","","","","24인치",\N,\N,\N,\N,\N,"1"
"1004","","","","","","","",\N,\N,\N,\N,\N,"1"
"1005","","","","","","","",\N,\N,\N,\N,\N,"1"
"1006","","","","","","","",\N,\N,\N,\N,\N,"1"
"1007","8Core 2.6GHZ/ 2P 16Core","8GB* 8","300GB SAS * 2, 200GB SAS SSD * 5, 600GB * 18","10/100/1000","","","",\N,\N,\N,\N,\N,"1"
"1008","i5-3세대 1.8Ghz","DDR3 4GB","SSD 128GB","10/100/1000","intel HD4000","","",\N,\N,\N,\N,\N,"1"
"1009","i5-3tpeo 1.8GHz","DDR3 4GB","SSD 128GB","10/100/1000","intel HD4000","","",\N,\N,\N,\N,\N,"1"
"1010","","","","","","","LED TV용 23인치",\N,\N,\N,\N,\N,"1"
"1011","","","","","","","",\N,\N,\N,\N,\N,"1"
"1012","","","","","","","",\N,\N,\N,\N,\N,"1"
"1013","i5-3337(1.8G)","8GB","SSD 128GB","10/100/1000","내장그래픽","","",\N,\N,\N,\N,\N,"1"
"1014","","","","","","","",\N,\N,\N,\N,\N,"1"
"1015","2.3Ghz 2p 12C","16GB","600GB * 2","10/100/1000","","","",\N,\N,\N,\N,\N,"1"
"1016","2.3Ghz 2P/12C","16GB","300GB * 2","10/100/1000","","","",\N,\N,\N,\N,\N,"1"
"1017","2.3GHZ 2P/12C","16GB","300GB*2","10/100/1000","","","",\N,\N,\N,\N,\N,"1"
"1018","2.3Ghz 2C/12C","16GB","300GB*2","10/100/1000","","","",\N,\N,\N,\N,\N,"1"
"1019","2.3Ghz 2P/12C","16GB","300GB*2","10/100/1000","","","",\N,\N,\N,\N,\N,"1"
"1020","2.3GHZ 2P/12C","16GB","300GB*2","10/100/1000","","","",\N,\N,\N,\N,\N,"1"
"1021","2.3GHZ 2P/12C","16GB","300GB*2","10/100/1000","","","",\N,\N,\N,\N,\N,"1"
"1022","2.0GHZ 2P/16C","48GB","300GB*2, SSD200GB * 14","10/100/1000","","","",\N,\N,\N,\N,\N,"1"
"1023","","","","","","","",\N,\N,\N,\N,\N,"1"
"1024","1P4C","4GB","500GB*2","10/100/1000","","","","2013-10-04","메모리교체(32GB)","520,000","정선민","발주서","1"
"1025","1P 4C","8GB","500GB*2","10/100/1000","","","",\N,\N,\N,\N,\N,"1"
"1026","1P4C","8GB","500GB*2","10/100/1000","","","",\N,\N,\N,\N,\N,"1"
"1028","","","","","","","24인치",\N,\N,\N,\N,\N,"1"
"1030","i7-4세대","8GB","750GB+128GB SSD","10/100/1000","지포스 GTX765M","","",\N,\N,\N,\N,\N,"1"
"1031","i5-4200","8GB","128 SSD","10/100/1000","지포스 GT740M","","",\N,\N,\N,\N,\N,"1"
"1032","i7-4702MQ","4GB","1TB, 128SSD","10/100/1000","지포스 GT745M","","",\N,\N,\N,\N,\N,"1"
"1033","","","","","","","",\N,\N,\N,\N,\N,"1"
"1034","E5-2640 2p 12C 2.5GHz","16GB","SAS 10K 300GB * 4","10/100/1000","","","",\N,\N,\N,\N,\N,"1"
"1044","E5-2620 2P12C","16GB","300GB * 3","10/100/1000","","","",\N,\N,\N,\N,\N,"1"
"1045","E5-2620 2P12C","16GB","300GB * 3","10/100/1000","","","",\N,\N,\N,\N,\N,"1"
"1047","E5-2620 2P12C","24GB","300GB*3","10/100/1000","","","",\N,\N,\N,\N,\N,"1"
"1050","","","","","","","24Port",\N,\N,\N,\N,\N,"1"
"1024","1P4C","32GB","500GB * 2","10/100/1000","","",\N,"--","","","","","2"
"1025","1P 4C","32GB","500GB * 2","10/100/1000","","",\N,"2013-10-04","메모리 교체(32GB)","520,000","정선민","발주서","2"
"1052","2P12C","16GB","500GB SATAx2","","","","",\N,\N,\N,\N,\N,"1"
"1053","Xeon E3-1240","8GB DDR3","1TB * 2","10/100/1000","","","",\N,\N,\N,\N,\N,"1"
"1055","i5-4200","4GB","SSD 256GB","10/100/1000","","","",\N,\N,\N,\N,\N,"1"
"1056","i3-4010 1.7GHz","8GB","500GB","10/100/1000","내장그래픽","","",\N,\N,\N,\N,\N,"1"
"1070","","","","","","","",\N,\N,\N,\N,\N,"1"
"1072","","","","","","","",\N,\N,\N,\N,\N,"1"
"1074","","","","","","","",\N,\N,\N,\N,\N,"1"
"1076","","","","","","","",\N,\N,\N,\N,\N,"1"
"1078","","","","","","","",\N,\N,\N,\N,\N,"1"
"1079","","","","","","","",\N,\N,\N,\N,\N,"1"
"1081","","","","","","","",\N,\N,\N,\N,\N,"1"
"1090","","","","","","","",\N,\N,\N,\N,\N,"1"
"1093","","","","","","","",\N,\N,\N,\N,\N,"1"
"1094","","","","","","","",\N,\N,\N,\N,\N,"1"
"1095","i5-4세대 3.4GHZ","DDR3 8GB","1TB","10/100/1000","","","",\N,\N,\N,\N,\N,"1"
"1096","","","","","","","",\N,\N,\N,\N,\N,"1"
"1101","","","","","","","",\N,\N,\N,\N,\N,"1"
"1102","","","","","","","",\N,\N,\N,\N,\N,"1"
"1103","Intel i7 4세대","8GB","SSD256GB","10/100/1000","","","",\N,\N,\N,\N,\N,"1"
"1104","Intel i7 4세대","8GB","SSD 256GB","10/100/1000","","","",\N,\N,\N,\N,\N,"1"
"1105","Xeon E5-1866","4GB DDR3","500GB","","","","",\N,\N,\N,\N,\N,"1"
"1107","i7","8GB","SSD 256GB","","","","",\N,\N,\N,\N,\N,"1"
"1108","","","","","","","",\N,\N,\N,\N,\N,"1"
"1109","i7-4세대","8GB","SSD 256GB","","","","",\N,\N,\N,\N,\N,"1"
"1110","","","","","","","",\N,\N,\N,\N,\N,"1"
"1111","","","","","","","",\N,\N,\N,\N,\N,"1"
"1113","2.6 Ghz * 2","32GB","146*2, SSD200GB * 2","","","","",\N,\N,\N,\N,\N,"1"
"1114","i5-4200U","8GB DDR3","128GB","10/100/1000","GMA HD 4400","","",\N,\N,\N,\N,\N,"1"
"1116","","","","","","","",\N,\N,\N,\N,\N,"1"
"1117","","","","","","","",\N,\N,\N,\N,\N,"1"
"1118","","","","","","","",\N,\N,\N,\N,\N,"1"
"1119","","","","","","","",\N,\N,\N,\N,\N,"1"
"1121","i7-4세대","8GB","256GB SSD","10/100/1000","","","",\N,\N,\N,\N,\N,"1"
"1122","i7-4세대","8GB","256GB SSD","10/100/1000","","","",\N,\N,\N,\N,\N,"1"
"1123","2P12C","16GB","146GB*2","","","","",\N,\N,\N,\N,\N,"1"
"1124","2P12C","16GB","146GB * 2","10/100/1000","","","",\N,\N,\N,\N,\N,"1"
"1125","2P12C","16GB","146GB * 2","10/100/1000","","","",\N,\N,\N,\N,\N,"1"
"1126","2P12C","16GB","146GB * 2","10/100/1000","","","",\N,\N,\N,\N,\N,"1"
"1127","2P12C","16GB","146GB * 2","10/100/1000","","","",\N,\N,\N,\N,\N,"1"
"1128","2P12C","16GB","146GB * 2","10/100/1000","","","",\N,\N,\N,\N,\N,"1"
"1130","E5-2407","8GB","300GB * 1","10/100/1000","","","",\N,\N,\N,\N,\N,"1"
"1136","","","","","","","",\N,\N,\N,\N,\N,"1"
"1137","i7-4세대","8GB","SSD 256GB","10/100/1000","","","",\N,\N,\N,\N,\N,"1"
"1142","i7-4세대","8GB","256GB SSD","","","","",\N,\N,\N,\N,\N,"1"
"1143","i7-4세대","8GB","SSD 256GB","","","","",\N,\N,\N,\N,\N,"1"
"1144","i7-4세대","8GB","SSD256GB","","","","",\N,\N,\N,\N,\N,"1"
"1145","","","","","","","",\N,\N,\N,\N,\N,"1"
"1146","","","","","","","",\N,\N,\N,\N,\N,"1"
"1148","i7-4810","8GB","1TB","10/100/1000","","","",\N,\N,\N,\N,\N,"1"
"1149","i7","8GB","256GB","","","","",\N,\N,\N,\N,\N,"1"
"1151","i7","8GB","256 SSD","10/100/1000","","","",\N,\N,\N,\N,\N,"1"
"1152","i7-4세대","8GB","256SSD","10/100/1000","","","",\N,\N,\N,\N,\N,"1"
"1153","i7","8GB","256GB","","","","",\N,\N,\N,\N,\N,"1"
"1156","i7","8GB","256GB","","","","",\N,\N,\N,\N,\N,"1"
"1172","i7","8GB","256SSD","","","","",\N,\N,\N,\N,\N,"1"
"1173","Core i5","2GB","500GB","10/100/1000","","","",\N,\N,\N,\N,\N,"1"
"1174","i7","8GB","256GB","10/100/1000","","","",\N,\N,\N,\N,\N,"1"
"1176","","","","","","","",\N,\N,\N,\N,\N,"1"
"1177","","","","","","","",\N,\N,\N,\N,\N,"1"
"1181","","","","","","","",\N,\N,\N,\N,\N,"1"
"1183","","","","","","","",\N,\N,\N,\N,\N,"1"
"1184","","","","","","","",\N,\N,\N,\N,\N,"1"
"1185","","","","","","","",\N,\N,\N,\N,\N,"1"
"1186","","","","","","","",\N,\N,\N,\N,\N,"1"
"1187","","","","","","","",\N,\N,\N,\N,\N,"1"
"1188","","","","","","","",\N,\N,\N,\N,\N,"1"
"1189","","","","","","","",\N,\N,\N,\N,\N,"1"
"1190","","","","","","","",\N,\N,\N,\N,\N,"1"
"1191","","","","","","","",\N,\N,\N,\N,\N,"1"
"1192","","","","","","","",\N,\N,\N,\N,\N,"1"
"1193","","","","","","","",\N,\N,\N,\N,\N,"1"
"1194","","","","","","","",\N,\N,\N,\N,\N,"1"
"1195","","","","","","","",\N,\N,\N,\N,\N,"1"
"1196","","","","","","","",\N,\N,\N,\N,\N,"1"
"1197","","","","","","","",\N,\N,\N,\N,\N,"1"
"1198","","","","","","","",\N,\N,\N,\N,\N,"1"
"1199","","","","","","","",\N,\N,\N,\N,\N,"1"
"1200","","","","","","","",\N,\N,\N,\N,\N,"1"
"1201","","","","","","","",\N,\N,\N,\N,\N,"1"
"1202","","","","","","","",\N,\N,\N,\N,\N,"1"
"1203","","","","","","","",\N,\N,\N,\N,\N,"1"
"1204","","","","","","","",\N,\N,\N,\N,\N,"1"
"1205","","","","","","","",\N,\N,\N,\N,\N,"1"
"1206","","","","","","","",\N,\N,\N,\N,\N,"1"
"1207","","","","","","","",\N,\N,\N,\N,\N,"1"
"1208","","","","","","","",\N,\N,\N,\N,\N,"1"
"1209","","","","","","","",\N,\N,\N,\N,\N,"1"
"1210","","","","","","","",\N,\N,\N,\N,\N,"1"
"1211","","","","","","","",\N,\N,\N,\N,\N,"1"
"1212","","","","","","","",\N,\N,\N,\N,\N,"1"
"1213","","","","","","","",\N,\N,\N,\N,\N,"1"
"1214","","","","","","","",\N,\N,\N,\N,\N,"1"
"1215","","","","","","","",\N,\N,\N,\N,\N,"1"
"1216","","","","","","","",\N,\N,\N,\N,\N,"1"
"1217","","","","","","","",\N,\N,\N,\N,\N,"1"
"1218","","","","","","","",\N,\N,\N,\N,\N,"1"
"1219","","","","","","","",\N,\N,\N,\N,\N,"1"
"1220","","","","","","","",\N,\N,\N,\N,\N,"1"
"1221","","","","","","","",\N,\N,\N,\N,\N,"1"
"1222","","","","","","","",\N,\N,\N,\N,\N,"1"
"1223","","","","","","","",\N,\N,\N,\N,\N,"1"
"1224","","","","","","","",\N,\N,\N,\N,\N,"1"
"1225","","","","","","","",\N,\N,\N,\N,\N,"1"
"1226","","","","","","","",\N,\N,\N,\N,\N,"1"
"1227","","","","","","","",\N,\N,\N,\N,\N,"1"
"1228","","","","","","","",\N,\N,\N,\N,\N,"1"
"1229","","","","","","","",\N,\N,\N,\N,\N,"1"
"1230","","","","","","","",\N,\N,\N,\N,\N,"1"
"1231","","","","","","","",\N,\N,\N,\N,\N,"1"
"1232","","","","","","","",\N,\N,\N,\N,\N,"1"
"1233","","","","","","","",\N,\N,\N,\N,\N,"1"
"1234","","","","","","","",\N,\N,\N,\N,\N,"1"
"1235","","","","","","","",\N,\N,\N,\N,\N,"1"
"1237","","","","","","","",\N,\N,\N,\N,\N,"1"
"1238","","","","","","","",\N,\N,\N,\N,\N,"1"
"1239","","","","","","","",\N,\N,\N,\N,\N,"1"
"1240","","","","","","","",\N,\N,\N,\N,\N,"1"
"1241","","","","","","","",\N,\N,\N,\N,\N,"1"
"1242","","","","","","","",\N,\N,\N,\N,\N,"1"
"1243","","","","","","","",\N,\N,\N,\N,\N,"1"
"1245","","","","","","","",\N,\N,\N,\N,\N,"1"
"1246","","","","","","","",\N,\N,\N,\N,\N,"1"
"1247","","","","","","","",\N,\N,\N,\N,\N,"1"
"1252","2.6Ghz 2P/12C","16GB","300GB * 2, 400GB * 13","10/100/1000","","","",\N,\N,\N,\N,\N,"1"
"1253","","","","","","","",\N,\N,\N,\N,\N,"1"
"1257","","","","","","","",\N,\N,\N,\N,\N,"1"
"1262","","","","","","","",\N,\N,\N,\N,\N,"1"
"1263","","","","","","","",\N,\N,\N,\N,\N,"1"
"1266","","","","","","","",\N,\N,\N,\N,\N,"1"
"1267","","","","","","","",\N,\N,\N,\N,\N,"1"
"1268","","","","","","","",\N,\N,\N,\N,\N,"1"
"1269","","","","","","","",\N,\N,\N,\N,\N,"1"
"1270","","","","","","","",\N,\N,\N,\N,\N,"1"
"1271","","","","","","","",\N,\N,\N,\N,\N,"1"
"1272","","","","","","","",\N,\N,\N,\N,\N,"1"
"1273","","","","","","","",\N,\N,\N,\N,\N,"1"
"1274","","","","","","","",\N,\N,\N,\N,\N,"1"
"1275","","","","","","","",\N,\N,\N,\N,\N,"1"
"1276","","","","","","","",\N,\N,\N,\N,\N,"1"
"1277","","","","","","","",\N,\N,\N,\N,\N,"1"
"1279","","","","","","","",\N,\N,\N,\N,\N,"1"
"1280","","","","","","","",\N,\N,\N,\N,\N,"1"
"1281","","","","","","","",\N,\N,\N,\N,\N,"1"
"1282","","","","","","","",\N,\N,\N,\N,\N,"1"
"1283","I75500U (2.4GHz)","8GB","256GB(SSD)","","HD 5500","","","","","","","","1"
"1293","I7-5500U (2.4GHz)","8GB","256GB(SSD)","","HD 5500","","",\N,\N,\N,\N,\N,"1"
"521","","","","","","","5층 창고 보관",\N,\N,\N,\N,\N,"1"
"522","","","","","","","5층 창고 보관",\N,\N,\N,\N,\N,"1"
"523","","","","","","","5층 창고 보관",\N,\N,\N,\N,\N,"1"
"524","","","","","","","",\N,\N,\N,\N,\N,"1"
"525","","","","","","","5층 창고 보관",\N,\N,\N,\N,\N,"1"
"526","","","","","","","5층 창고 보관",\N,\N,\N,\N,\N,"1"
"527","","","","","","","5층 창고 보관",\N,\N,\N,\N,\N,"1"
"528","","","","","","","5층 보관",\N,\N,\N,\N,\N,"1"
"529","","","","","","","1588-7080 / 5층 창고 보관",\N,\N,\N,\N,\N,"1"
"530","","","","","","","1588-7080 / 5층 창고 보관",\N,\N,\N,\N,\N,"1"
"531","","","","","","","1588-7080 / 5층 창고 보관",\N,\N,\N,\N,\N,"1"
"532","","","","","","","0016B40099F1 / 5층 보관",\N,\N,\N,\N,\N,"1"
"533","","","","","","","5층 보관",\N,\N,\N,\N,\N,"1"
"534","","","","","","","000214008630 / 5층 보관",\N,\N,\N,\N,\N,"1"
"535","","","","","","","000214008385 / 5층 ",\N,\N,\N,\N,\N,"1"
"536","","","","","","","DVD-ROM / 5층 보관",\N,\N,\N,\N,\N,"1"
"537","","","","","","","0002DE1E196E / 5층 보관",\N,\N,\N,\N,\N,"1"
"538","","","","","","","5층보관",\N,\N,\N,\N,\N,"1"
"539","","","","","","","5층 보관",\N,\N,\N,\N,\N,"1"
"540","","","","","","","5층 보관",\N,\N,\N,\N,\N,"1"
"541","","","","","","","5층 보관",\N,\N,\N,\N,\N,"1"
"542","","","","","","","10/100Mbps",\N,\N,\N,\N,\N,"1"
"543","","","","","","","10/100Mbpe [8port]",\N,\N,\N,\N,\N,"1"
"544","","","","","","","10/100Mbps [8port]",\N,\N,\N,\N,\N,"1"
"545","","","","","","","10/100Mbps [ 4port ] [001839EA98F5] ",\N,\N,\N,\N,\N,"1"
"546","","","","","","","10/100Mbps [ 4port ] ",\N,\N,\N,\N,\N,"1"
"547","","","","","","","10/100Mbps 8port",\N,\N,\N,\N,\N,"1"
"548","","","","","","","10/100Mbps [ 8port ]",\N,\N,\N,\N,\N,"1"
"549","","","","","","","10/100Mbps [ 8port ]",\N,\N,\N,\N,\N,"1"
"550","","","","","","","10/100Mbps [ 8port ]",\N,\N,\N,\N,\N,"1"
"551","","","","","","","10/100Mbps",\N,\N,\N,\N,\N,"1"
"552","","","","","","","10/100Mbps [ 4port ] [ 무선 AP ]",\N,\N,\N,\N,\N,"1"
"553","","","","","","","임대장비",\N,\N,\N,\N,\N,"1"
"554","","","","","","","LED 46인치 ",\N,\N,\N,\N,\N,"1"
"555","","","","","","","SSD",\N,\N,\N,\N,\N,"1"
"556","","","","","","","SSD",\N,\N,\N,\N,\N,"1"
"557","","","","","","","SSD",\N,\N,\N,\N,\N,"1"
"558","","","","","","","광마우스",\N,\N,\N,\N,\N,"1"
"559","","","","","","","멀티탭",\N,\N,\N,\N,\N,"1"
"560","","","","","","","키보드",\N,\N,\N,\N,\N,"1"
"561","","","","","","","100Mbps",\N,\N,\N,\N,\N,"1"
"844","Xeon 2.4Ghz * 2","8Gb","146Gb * 2","10/100/1000","","","",\N,\N,\N,\N,\N,"1"
"845","Xeon 2.4Ghz * 2","8Gb","146Gb * 2","10/100/1000","","","",\N,\N,\N,\N,\N,"1"
"846","Xeon 2.4Ghz * 2","8Gb","146Gb * 2","10/100/1000","","","",\N,\N,\N,\N,\N,"1"
"847","Xeon 2.4Ghz * 2","8Gb","146Gb * 2","10/100/1000","","","",\N,\N,\N,\N,\N,"1"
"869","Xeon 4Core 2.40GHz","8GB","250, 500GB","10/100/1000","","","",\N,\N,\N,\N,\N,"1"
"875","Intel i7 2.7GHz","8GB DDR3","750GB","10/100/1000","Intel GMA HD 3000","","",\N,\N,\N,\N,\N,"1"
"884","Quad 2.40GHz*2CPU","12GB","300GB * 2","10/100/1000","","","",\N,\N,\N,\N,\N,"1"
"905","","","","","","","",\N,\N,\N,\N,\N,"1"
"906","","","","","","","",\N,\N,\N,\N,\N,"1"
"907","","","","","","","",\N,\N,\N,\N,\N,"1"
"911","","","","","","","500GB USB3.0",\N,\N,\N,\N,\N,"1"
"912","","","","","","","500GB USB3.0",\N,\N,\N,\N,\N,"1"
"945","E3-1220 4Core","8GB","600GB * 4","10/100/1000","","","",\N,\N,\N,\N,\N,"1"
"946","E3-1220 4Core","8GB","300GB * 4","10/100/1000","","","",\N,\N,\N,\N,\N,"1"
"947","E5620 8Core","12GB","146GB * 2","10/100/1000","","","",\N,\N,\N,\N,\N,"1"
"960","Core i7","8GB","3TB","10/100/1000","","","",\N,\N,\N,\N,\N,"1"
"961","Core i5","2GB","500GB","10/100/1000","","","",\N,\N,\N,\N,\N,"1"
"1106","","","","","","","",\N,\N,\N,\N,\N,"1"
"1115","","","","","","",", ",\N,\N,\N,\N,\N,"1"
"1129","E5-2609v2 * 2","16GB","300GB * 6","10/100/1000","","","",\N,\N,\N,\N,\N,"1"
"1182","","","","","","","",\N,\N,\N,\N,\N,"1"
"1248","","","","","","","",\N,\N,\N,\N,\N,"1"
"1251","2.6GHz 2p/12core","16GB","300GB * 2, 1.2TB * 22","10/100/1000","","","",\N,\N,\N,\N,\N,"1"
"1259","","","","","","","",\N,\N,\N,\N,\N,"1"
"1261","","","","","","","",\N,\N,\N,\N,\N,"1"
"1284","I7-5500U (2.4GHz)","8GB","256GB(SSD)","","HD 5500","","",\N,\N,\N,\N,\N,"1"
"1292","I7-5500U (2.4GHz)","8GB","256GB(SSD)","","HD 5500","","",\N,\N,\N,\N,\N,"1"
"1296","I7-5500U(2.4GHz)","8GB","256GB(SSD)","","HD 5500","","",\N,\N,\N,\N,\N,"1"
"1297","","","","","","","",\N,\N,\N,\N,\N,"1"
"1299","","","","","","","",\N,\N,\N,\N,\N,"1"
"1304","","","","","","","",\N,\N,\N,\N,\N,"1"
"1305","","","","","","","",\N,\N,\N,\N,\N,"1"
"1306","I7-5500U(2.4GHz)","8GB","256(SSD)","","HD 5500","","",\N,\N,\N,\N,\N,"1"
"1307","","","","","","","",\N,\N,\N,\N,\N,"1"
"1313","","","","","","","",\N,\N,\N,\N,\N,"1"
"1314","","","","","","","",\N,\N,\N,\N,\N,"1"
"1315","I7-4790(3.6GHz)","8GB","1TB(HDD), 120GB(SSD)","","GeForce GTX750","","",\N,\N,\N,\N,\N,"1"
"1316","","","","","","","",\N,\N,\N,\N,\N,"1"
"1317","","","","","","","",\N,\N,\N,\N,\N,"1"
"1318","I7-4790(3.6GHz)","8GB","1T(HDD), 120GB(SSD)","","GeForce GTX750","","",\N,\N,\N,\N,\N,"1"
"1322","i7-5500(2.4GHz)","8GB","256GB(SSD)","","5500","","",\N,\N,\N,\N,\N,"1"
"1323","i5-4210U(1.7GHz)","8GB","128GB(SSD)","","","","",\N,\N,\N,\N,\N,"1"
"1324","i5-5500","8GB","256GB(SSD)","","","","",\N,\N,\N,\N,\N,"1"
"1327","","","","","","","",\N,\N,\N,\N,\N,"1"
"1330","i7-4790, ","8GB, ","1T(HDD) 256GB(SSD), ",", ","GTX750 D5 1GB, ",", ","",\N,\N,\N,\N,\N,"1"
"1333","i7-4790","8GB","1TB(HDD), 120GB(SSD)","","GTX750 D5 1GB","","",\N,\N,\N,\N,\N,"1"
"1334","","","","","","","",\N,\N,\N,\N,\N,"1"
"1335","","","","","","","",\N,\N,\N,\N,\N,"1"
"1336","i7-4790","8GB","1TB(HDD), 120GB(SSD)","","GTX750 D5 1GB","","",\N,\N,\N,\N,\N,"1"
"1337","","","","","","","",\N,\N,\N,\N,\N,"1"
"1338","","","","","","","",\N,\N,\N,\N,\N,"1"
"1339","i7-4790","16GB","1TB(HDD), 120GB(SSD)","","GTX750 D5 1GB","","","","","","","","1"
"1340","","","","","","","",\N,\N,\N,\N,\N,"1"
"1341","","","","","","","",\N,\N,\N,\N,\N,"1"
"1342","","","","","","","",\N,\N,\N,\N,\N,"1"
"1343","","","","","","","",\N,\N,\N,\N,\N,"1"
"1345","i7-4500U","8GB","256GB(SSD)","","","","",\N,\N,\N,\N,\N,"1"
"1347","i7-4500U","8GB","256GB(SSD)","","","","",\N,\N,\N,\N,\N,"1"
"1195","Intel Xeon E5-2407 * 2","4GB * 4","300GB * 2","","","",\N,"--","","","","","2"
"1196","Intel Xeon E5-2407 * 2","4GB * 4","300GB * 2","","","",\N,"--","","","","","2"
"1198","Intel Xeon E5-2407 * 2","4GB * 4","300GB * 2","","","",\N,"--","","","","","2"
"1199","Intel Xeon E5-2407 * 2","4GB * 4","300GB * 2","","","",\N,"--","","","","","2"
"1216",", Intel Xeon E5-2620",", 8GB",", 300GB *2",", ",", ",", ","",", ---, -, ",", ",", ",", ",", ","2"
"1212","Intel Xeon E5-2620 * 2","2GB * 8","300GB * 2, 3TB * 12","","","",\N,"--","","","","","2"
"1213","Intel Xeon E5-2620 * 2","2GB * 8","300GB * 2, 600GB * 12","","","",\N,"--","","","","","2"
"1214","Intel Xeon E5-2620","8GB","300GB * 2","","","",\N,"--","","","","","2"
"1215","Intel Xeon E5-2620","8GB","300GB * 2","","","",\N,"--","","","","","2"
"1218","Intel Xeon E5-2620","8GB","300GB * 2","","","",\N,"--","","","","","2"
"1219","Intel Xeon E5-2620","8GB","300GB * 2","","","",\N,"--","","","","","2"
"1220","Intel Xeon E5-2620","8GB","300GB * 2","","","",\N,"--","","","","","2"
"1204","E5-2609 2.4GHZ * 2","16GB","300GB * 2","","","",\N,"--","","","","","2"
"1205","E5-2609 2.4GHZ * 2","16GB","300GB * 2","","","",\N,"--","","","","","2"
"1206","E5-2609 2.4GHZ * 2","16GB","300GB * 2","","","",\N,"--","","","","","2"
"1087","Xeon E5506 2.13GHz","12GB","146GB","","","",\N,"--","","","","","2"
"1350","i7-5500U(2.4GHz)","8GB","256GB(SSD)","","내장그래픽","","",\N,\N,\N,\N,\N,"1"
"1351","i7-5500U(2.4GHz)","8GB","256GB(SSD)","","내장그래픽","","",\N,\N,\N,\N,\N,"1"
"1352","I7-4500U","8GB","SSD 256GB","1000","","","",\N,\N,\N,\N,\N,"1"
"1353","I7-4500U","8GB","SSD 256GB","1000","","","",\N,\N,\N,\N,\N,"1"
"1354","","","","","","","8포트 1GB지원",\N,\N,\N,\N,\N,"1"
"1355","","","","","","","",\N,\N,\N,\N,\N,"1"
"1356","","","","","","","",\N,\N,\N,\N,\N,"1"
"1358","","","","","","","",\N,\N,\N,\N,\N,"1"
"1362","","","","","","","",\N,\N,\N,\N,\N,"1"
"1364","","","","","","","",\N,\N,\N,\N,\N,"1"
"1366","","","","","","","",\N,\N,\N,\N,\N,"1"
"1368","","","","","","","",\N,\N,\N,\N,\N,"1"
"1369","","","","","","","",\N,\N,\N,\N,\N,"1"
"1371","","","","","","","",\N,\N,\N,\N,\N,"1"
"1372","","","","","","","",\N,\N,\N,\N,\N,"1"
"1373","","","","","","","",\N,\N,\N,\N,\N,"1"
"1374","","","","","","","",\N,\N,\N,\N,\N,"1"
"1375","","","","","","","",\N,\N,\N,\N,\N,"1"
"1377","","","","","","","",\N,\N,\N,\N,\N,"1"
"1379","","","","","","","",\N,\N,\N,\N,\N,"1"
"1382","","","","","","","",\N,\N,\N,\N,\N,"1"
"1383","","","","","","","",\N,\N,\N,\N,\N,"1"
"1384","","","","","","","",\N,\N,\N,\N,\N,"1"
"1385","","","","","","","",\N,\N,\N,\N,\N,"1"
"1386","","","","","","","",\N,\N,\N,\N,\N,"1"
"1387","","","","","","","",\N,\N,\N,\N,\N,"1"
"1388","","","","","","","",\N,\N,\N,\N,\N,"1"
"1389","","","","","","","",\N,\N,\N,\N,\N,"1"
"1391","I7-6700K","16GB","2TB","","GTX750","","",\N,\N,\N,\N,\N,"1"
"1392","","","","","","","",\N,\N,\N,\N,\N,"1"
"1393","","","","","","","",\N,\N,\N,\N,\N,"1"
"1395","","","","","","","",\N,\N,\N,\N,\N,"1"
"1396","","","","","","","",\N,\N,\N,\N,\N,"1"
"1397","","","","","","","",\N,\N,\N,\N,\N,"1"
"1401","","","","","","","",\N,\N,\N,\N,\N,"1"
"1402","","","","","","","",\N,\N,\N,\N,\N,"1"
"1403","","","","","","","",\N,\N,\N,\N,\N,"1"
"1406","","","","","","","",\N,\N,\N,\N,\N,"1"
"1407","","","","","","","",\N,\N,\N,\N,\N,"1"
"1408","","","","","","","",\N,\N,\N,\N,\N,"1"
"1409","","","","","","","",\N,\N,\N,\N,\N,"1"
"1411","","","","","","","",\N,\N,\N,\N,\N,"1"
"1412","","","","","","","",\N,\N,\N,\N,\N,"1"
"1413","","","","","","","",\N,\N,\N,\N,\N,"1"
"1414","","","","","","","",\N,\N,\N,\N,\N,"1"
"1417","","","","","","","",\N,\N,\N,\N,\N,"1"
"1418","","","","","","","",\N,\N,\N,\N,\N,"1"
"1419","","","","","","","",\N,\N,\N,\N,\N,"1"
"1420","","","","","","","",\N,\N,\N,\N,\N,"1"
"1425","","","","","","","",\N,\N,\N,\N,\N,"1"
"1426","","","","","","","",\N,\N,\N,\N,\N,"1"
"1429","","","","","","","",\N,\N,\N,\N,\N,"1"
"1431","","","","","","","",\N,\N,\N,\N,\N,"1"
"1432","","","","","","","",\N,\N,\N,\N,\N,"1"
"1433","","","","","","","",\N,\N,\N,\N,\N,"1"
"1436","","","","","","","",\N,\N,\N,\N,\N,"1"
"1437","","","","","","","",\N,\N,\N,\N,\N,"1"
"1438","","","","","","","",\N,\N,\N,\N,\N,"1"
"1439","","","","","","","",\N,\N,\N,\N,\N,"1"
"1440","","","","","","","",\N,\N,\N,\N,\N,"1"
"1442","","","","","","","",\N,\N,\N,\N,\N,"1"
"1443","E5-2620v3","16GB*8","500GB*2/2TB*3/200GB SSD*1","","","","",\N,\N,\N,\N,\N,"1"
"1445","E5-2630v3","16GB*16","300GB*2 SSD 480GB*13","","","","",\N,\N,\N,\N,\N,"1"
"1447","","","","","","","",\N,\N,\N,\N,\N,"1"
"1448","","","","","","","",\N,\N,\N,\N,\N,"1"
"1449","","","","","","","",\N,\N,\N,\N,\N,"1"
"1450","","","","","","","",\N,\N,\N,\N,\N,"1"
"1451","","","","","","","",\N,\N,\N,\N,\N,"1"
"1452","","","","","","","",\N,\N,\N,\N,\N,"1"
"1454","","","","","","","",\N,\N,\N,\N,\N,"1"
"1455","I7-6700","16GB","2TB","","GTX750 TI UD2 OC D5 2GB","512GB SSD","",\N,\N,\N,\N,\N,"1"
"1456","","","","","","","",\N,\N,\N,\N,\N,"1"
"1457","I5-6200U","256GB","SSD 256GB","","","","",\N,\N,\N,\N,\N,"1"
"1461","i3-6100U","4GB","500GB","","","","",\N,\N,\N,\N,\N,"1"
"1462","","","","","","","",\N,\N,\N,\N,\N,"1"
"1463","","","","","","","",\N,\N,\N,\N,\N,"1"
"1464","","","","","","","",\N,\N,\N,\N,\N,"1"
"1470","i5-5세대","8GB","SSD 128GB","","","","",\N,\N,\N,\N,\N,"1"
"1475","","","","","","","",\N,\N,\N,\N,\N,"1"
"1477","","","","","","","",\N,\N,\N,\N,\N,"1"
"1478","","","","","","","기가비트 24포트 스위칭허브",\N,\N,\N,\N,\N,"1"
"1479","","","","","","","",\N,\N,\N,\N,\N,"1"
"1480","","","","","","","",\N,\N,\N,\N,\N,"1"
"1481","","","","","","","",\N,\N,\N,\N,\N,"1"
"1483","i7-6700","DDR4 8GB*4","1TB","10/100/1000","","","",\N,\N,\N,\N,\N,"1"
"835","","","","","","","10/100BASE 설치지원비:300,000원 02)3460-8302",\N,\N,\N,\N,\N,"1"
"974","I7-2620m 2.7GHZ","8GB","256GB SSD","10/100/1000","GEFORCE 610M","","","","","","","","1"
"997","i5-3세대 3570","8GB","SSD128GB, 1TB","10/100/1000","","","",\N,\N,\N,\N,\N,"1"
"998","i5-3세대 3570","8GB","SSD128GB, 1TB","10/100/1000","","","",\N,\N,\N,\N,\N,"1"
"1029","","","","","","","24인치",\N,\N,\N,\N,\N,"1"
"1035","E5-2640 2P12C 2.5GHz","16GB","SAS 10K 300GB * 4","10/100/1000","","","",\N,\N,\N,\N,\N,"1"
"1036","E5-2640 2P12C 2.5GHz","16GB","SAS 10K 300GB * 4","10/100/1000","","","",\N,\N,\N,\N,\N,"1"
"1037","E5-2640 2P12C 2.5Ghz","16GB","SAS 10K 300GB * 4","10/100/1000","","","",\N,\N,\N,\N,\N,"1"
"1038","E5-2640 2P12C 2.5GHz","16GB","SAS 10K 300GB * 4","10/100/1000","","","",\N,\N,\N,\N,\N,"1"
"1039","E5-2640 2P12C 2.5Ghz","16GB","SAS 10K 300GB * 4","10/100/1000","","","",\N,\N,\N,\N,\N,"1"
"1040","E5-2620 2P 12C","8GB","SCSI 300GB * 2","10/100/1000","","","",\N,\N,\N,\N,\N,"1"
"1041","E5-2620 2P 12C","24GB","300GB*2, 3TB*4","10/100/1000","","","",\N,\N,\N,\N,\N,"1"
"1042","E5-2620 2P 12C","24GB","300GB*2, 3TB*3","10/100/1000","","","",\N,\N,\N,\N,\N,"1"
"1043","E5-2620 2P 12C","24GB","300GB*2,600GB*12","10/100/1000","","","",\N,\N,\N,\N,\N,"1"
"1046","E5-2620 2P12C","24GB","300GB * 3","10/100/1000","","","",\N,\N,\N,\N,\N,"1"
"1048","E5-2620 6C","8GB","300GB","10/100/1000","","","",\N,\N,\N,\N,\N,"1"
"1049","E5-2620 6C","8GB","300GB","10/100/1000","","","",\N,\N,\N,\N,\N,"1"
"1051","","","","","","","",\N,\N,\N,\N,\N,"1"
"1112","","","","","","","",\N,\N,\N,\N,\N,"1"
"1131","E5-2609v2 * 2","16GB","300GB * 2, 600GB * 6","10/100/1000","","","",\N,\N,\N,\N,\N,"1"
"1132","E5-2609v2 *2","16GB","300GB * 2","10/100/1000","","","",\N,\N,\N,\N,\N,"1"
"1133","E5-2609v2 * 2","16GB","300GB * 6","10/100/1000","","","",\N,\N,\N,\N,\N,"1"
"1134","","","","","","","",\N,\N,\N,\N,\N,"1"
"1134","E5-2609v2 * 2","16GB","300GB * 6","10/100/1000","","",\N,"--","","","","","2"
"1135","E5-2609v2 * 2","16GB","300GB * 6","10/100/1000","","","",\N,\N,\N,\N,\N,"1"
"1138","i7-4세대","8GB","SSD256GB","10/100/1000","","","",\N,\N,\N,\N,\N,"1"
"1139","i7 4세대","8GB","1TB","10/100/1000","","","",\N,\N,\N,\N,\N,"1"
"1141","","","","","","","32인치 모니터",\N,\N,\N,\N,\N,"1"
"1157","i7","8GB","256 SSD","","","","",\N,\N,\N,\N,\N,"1"
"1158","i7-4790","8GB","2TB, 128GB SSD * 2","10/100/1000","","","",\N,\N,\N,\N,\N,"1"
"1159","","","","","","","",\N,\N,\N,\N,\N,"1"
"1160","","","","","","","",\N,\N,\N,\N,\N,"1"
"1161","i5-4210","8GB","256GB+1TB","","","","",\N,\N,\N,\N,\N,"1"
"1162","i5-4210","8GB","256GB + 1TB","","","","",\N,\N,\N,\N,\N,"1"
"1163","i5 4210","8GB","256GB+1TB","","","","",\N,\N,\N,\N,\N,"1"
"1164","","","","","","","",\N,\N,\N,\N,\N,"1"
"1165","","","","","","","",\N,\N,\N,\N,\N,"1"
"1166","i5-4690","8GB","1TB+120GB","","","","","2014-10-22","256GB->120GB SSD로변경","","이승준","","1"
"1167","i5-4690","8GB","1TB+120GB","","","","",\N,\N,\N,\N,\N,"1"
"1168","","","","","","","",\N,\N,\N,\N,\N,"1"
"1169","","","","","","","",\N,\N,\N,\N,\N,"1"
"1170","","","","","","","",\N,\N,\N,\N,\N,"1"
"1171","","","","","","","",\N,\N,\N,\N,\N,"1"
"1249","i7","8GB"," 256GB ssd","","","","",\N,\N,\N,\N,\N,"1"
"1250","i7","8GB","256GB SSD","","","","",\N,\N,\N,\N,\N,"1"
"1254","","","","","","","",\N,\N,\N,\N,\N,"1"
"1255","","","","","","","",\N,\N,\N,\N,\N,"1"
"1256","","","","","","","",\N,\N,\N,\N,\N,"1"
"1258","","","","","","","",\N,\N,\N,\N,\N,"1"
"1260","","","","","","","",\N,\N,\N,\N,\N,"1"
"1264","","","","","","","",\N,\N,\N,\N,\N,"1"
"1265","","","","","","","",\N,\N,\N,\N,\N,"1"
"1278","","","","","","","",\N,\N,\N,\N,\N,"1"
"1285","I7-4790 (3.6GHz)","8GB","1T(HDD), 120GB(SSD)","","GEFORCE GTX750 D5 1GB","","",\N,\N,\N,\N,\N,"1"
"1286","","","","","","","",\N,\N,\N,\N,\N,"1"
"1287","","","","","","","",\N,\N,\N,\N,\N,"1"
"1288","I7-5500U (2.4GHz)","8GB","256GB(SSD)","","HD 5500","","",\N,\N,\N,\N,\N,"1"
"1289","","","","","","","",\N,\N,\N,\N,\N,"1"
"1290","I7-5500U (2.4GHz)","8GB","256GB(SSD)","","HD 5500","","",\N,\N,\N,\N,\N,"1"
"1291","","","","","","","",\N,\N,\N,\N,\N,"1"
"1308","I7-4400","8GB","256GB(SSD)","","","","",\N,\N,\N,\N,\N,"1"
"1309","I7-4500U(1.8GHz)","8GB","256GB(SSD)","","","","",\N,\N,\N,\N,\N,"1"
"1310","I7-5500(2.4GHz)","8GB","256GB(SSD)","","5500","","",\N,\N,\N,\N,\N,"1"
"1311","I7-5500(2.4GHz)","8GB","256GB(SSD)","5500","","","",\N,\N,\N,\N,\N,"1"
"1312","I7-5500(2.4GHz)","8GB","256GB(SSD)","","5500","","",\N,\N,\N,\N,\N,"1"
"1320","","","","","","","",\N,\N,\N,\N,\N,"1"
"1321","","","","","","","",\N,\N,\N,\N,\N,"1"
"1348","","","","","","","",\N,\N,\N,\N,\N,"1"
"1203","E5-2609 2.4GHZ * 2","16GB","300GB * 2","","","",\N,"--","","","","","2"
"1207","E5-2609 2.4GHZ * 2","16GB","300GB * 2","","","",\N,"--","","","","","2"
"1208","E5-2609 2.4GHZ * 2","16GB","300GB * 2, 600GB * 4","","","",\N,"--","","","","","2"
"1209","E5-2609 2.4GHZ * 2","16GB","300GB * 2, 600GB * 4","","","",\N,"--","","","","","2"
"1210","E5-2609 2.4GHZ * 2","16GB","300GB * 2, 600GB * 4","","","",\N,"--","","","","","2"
"1360","","","","","","","",\N,\N,\N,\N,\N,"1"
"1390","","","","","","","",\N,\N,\N,\N,\N,"1"
"1398","","","","","","","",\N,\N,\N,\N,\N,"1"
"1400","","","","","","","",\N,\N,\N,\N,\N,"1"
"1427","","","","","","","",\N,\N,\N,\N,\N,"1"
"1428","","","","","","","",\N,\N,\N,\N,\N,"1"
"1459","I5-6500","16GB","HDD 2TB, SSD 256GB","","GTX750 TI UD2 OC D5 2GB","","",\N,\N,\N,\N,\N,"1"
"1460","i3-6100U","4GB","500GB","","","","",\N,\N,\N,\N,\N,"1"
"1471","","","","","","","",\N,\N,\N,\N,\N,"1"
"1472","","","","","","","27인치",\N,\N,\N,\N,\N,"1"
"1485","I7-7500","16GB","1TB","","","","",\N,\N,\N,\N,\N,"1"
"1487","i5-2500","16GB","SSD 120GB, HDD 1TB","","","","",\N,\N,\N,\N,\N,"1"
"1488","i5-7500, ",", ","SSD 500GB, ",", ",", ",", ","",", -, -, ",", ",", ",", ",", ","1"
"1488","i5-7500, ",", ","SSD 500GB, ",", ","Intel HD Grapics 630, ",", ","",", -, -, ",", ",", ",", ",", ","2"
"1492","i5-7200U","DDR4 8GB","SSD 256GB","","HD 620","","",\N,\N,\N,\N,\N,"1"
"1493","","","","","","","1TB, USB 3.0 지원",\N,\N,\N,\N,\N,"1"
"1502","Intel(R) core i5-7200U","DDR4 16GB","M.2 512GB","","","","",\N,\N,\N,\N,\N,"1"
"1503","","","","","","","24인치",\N,\N,\N,\N,\N,"1"
"1504","Intel(R) core i5-7200U","DDR4 8GB","M.2 256GB","","","","",\N,\N,\N,\N,\N,"1"
"1505","Intel(R) core i5-7200U","DDR4 8GB","M.2 256GB","","","","",\N,\N,\N,\N,\N,"1"
"1507","Intel(R) Core i5-7200U","DDR4 16GB","M.2 512GB","","","","",\N,\N,\N,\N,\N,"1"
"1508","","","","","","","13.3인치",\N,\N,\N,\N,\N,"1"
"1510","Intel(R) Core i5-7200U","DDR4 8GB","M.2 256GB","","","","",\N,\N,\N,\N,\N,"1"
"1511","Intel(R) Core i5-7200u","DDR4 8GB","M.2 512GB","","","","",\N,\N,\N,\N,\N,"1"
"1513","Itel(R) Core i5-7200U","DDR4 16GB","M.2 512GB","Non Internal Ethernet","","","",\N,\N,\N,\N,\N,"1"
"1514","","","","","","","24인치",\N,\N,\N,\N,\N,"1"
"1515","Intel(R) Core i5-7200U","DDR4 16GB","M.2 256GB","No Internal Ethernet","","","",\N,\N,\N,\N,\N,"1"
"1516","Intel(R) Core i5-7200U","DDR4 16GB","M.2 512GB","NO Internal Ethernet","","","",\N,\N,\N,\N,\N,"1"
"1517","Intel(R) Core i5-7500U","DDR4 8GB","SSD 256GB","No Internal Ethernet","nVidia GeForce 940MX","","",\N,\N,\N,\N,\N,"1"
"1518","Intel(R) Core i5-7200U","DDR4 8GB","M.2 256GB","No Internal Ethernet","","","",\N,\N,\N,\N,\N,"1"
"1519","Intel(R) Core i5-7200U","DDR4 8GB","M.2 256GB","","","","",\N,\N,\N,\N,\N,"1"
"1520","Intel(R) Core i5-7200U","DDR4 8GB","M.2 256GB","No Internal Ethernet","","","",\N,\N,\N,\N,\N,"1"
"1521","","","","","","","24 Port 기가비트 지원",\N,\N,\N,\N,\N,"1"
"1522","","","","","","","24Port 기가비트 지원",\N,\N,\N,\N,\N,"1"
"1524","Intel(R) Core i5-7200U","DDR4 8GB","M.2 256GB","No Internal Ethernet","","","",\N,\N,\N,\N,\N,"1"
"1525","Intel Core i7 -7700","DDR4 16GB","SSD 250GB","","Geforce GTX1060","","",\N,\N,\N,\N,\N,"1"
"1526","Intel(R) Core i5-7200U","DDR4 8GB","M.2 256GB","No Internal Ethernet","Intel(R) HD Graphics 620","","",\N,\N,\N,\N,\N,"1"
"1528","","","","","","","24인치 D-SUB, DVI-D, HDMI 단자 지원",\N,\N,\N,\N,\N,"1"
"1531","","","","","","","24Port 기가비트 지원",\N,\N,\N,\N,\N,"1"
"1532","","","","","","","",\N,\N,\N,\N,\N,"1"
"1533","","","","","","","",\N,\N,\N,\N,\N,"1"
"1534","","","","","","","",\N,\N,\N,\N,\N,"1"
"1536","","","","","","","",\N,\N,\N,\N,\N,"1"
"1537","","","","","","","",\N,\N,\N,\N,\N,"1"
"1538","","","","","","","",\N,\N,\N,\N,\N,"1"
"1539","","","","","","","13.3인치, USB DC-in, 휴대용 모니터",\N,\N,\N,\N,\N,"1"
"1541","","","","","","","",\N,\N,\N,\N,\N,"1"
"1542","","","","","","","",\N,\N,\N,\N,\N,"1"
"1543","","","","","","","",\N,\N,\N,\N,\N,"1"
"1544","","","","","","","",\N,\N,\N,\N,\N,"1"
"1545","Intel(R) Core i7-8700k","DDR4 19200 16GB","삼성전자 970 Pro M.b NVMe 512GB","","GeForce GTX1080 Ti","","",\N,\N,\N,\N,\N,"1"
"849","","","","","","","",\N,\N,\N,\N,\N,"1"
"1325","i7-5500U","8GB","256GB(SSD)","","","","",\N,\N,\N,\N,\N,"1"
"1326","코어M-5Y10C(800MHz)","8GB","256GB(SSD)","","","","",\N,\N,\N,\N,\N,"1"
"1328","","","","","","","",\N,\N,\N,\N,\N,"1"
"1329","","","","","","","",\N,\N,\N,\N,\N,"1"
"1331","i7-4790","8GB","1T(HDD) 256GB(SSD)","","GTX750 D5 1GB","","",\N,\N,\N,\N,\N,"1"
"1332","","","","","","","",\N,\N,\N,\N,\N,"1"
"1344","","","","","","","",\N,\N,\N,\N,\N,"1"
"1349","i7-4790(4.0GHz)","32GB","128(SSD), 1T(HDD)","","D5 1GB","","",\N,\N,\N,\N,\N,"1"
"1394","I7-6700","16GB","4TB","","GT730","","",\N,\N,\N,\N,\N,"1"
"1399","","","","","","","",\N,\N,\N,\N,\N,"1"
"1404","","","","","","","",\N,\N,\N,\N,\N,"1"
"1405","","","","","","","",\N,\N,\N,\N,\N,"1"
"1410","","","","","","","",\N,\N,\N,\N,\N,"1"
"1415","","","","","","","",\N,\N,\N,\N,\N,"1"
"1416","","","","","","","",\N,\N,\N,\N,\N,"1"
"1423","","","","","","","",\N,\N,\N,\N,\N,"1"
"1424","","","","","","","",\N,\N,\N,\N,\N,"1"
"1434","","","","","","","",\N,\N,\N,\N,\N,"1"
"1446","","","","","","","",\N,\N,\N,\N,\N,"1"
"1453","","","","","","","",\N,\N,\N,\N,\N,"1"
"1509","Intel Core i5 3.5Ghz","DDR4 24GB","SSD 512GB","","Radeon Pro 575","","",\N,\N,\N,\N,\N,"1"
"1529","Intel(R) Core i5-7200U","DDR4 8GB","M.2 256GB","No Internal Ethernet","Intel(R) HD Graphics 620","","",\N,\N,\N,\N,\N,"1"
"895","","","","","","","24인치",\N,\N,\N,\N,\N,"1"
"896","","","","","","","",\N,\N,\N,\N,\N,"1"
"897","","","","","","","",\N,\N,\N,\N,\N,"1"
"931","","","","","","","32GB LTE",\N,\N,\N,\N,\N,"1"
"967","Core i5-2세대","DDR3 8GB","128GB SSD","10/100/1000","","","",\N,\N,\N,\N,\N,"1"
"971","","","","","","","",\N,\N,\N,\N,\N,"1"
"972","","","","","","","",\N,\N,\N,\N,\N,"1"
"973","i7 2.2GHz","DDR3 4GB","500GB","10/100/1000","Intel HD 500GB","","",\N,\N,\N,\N,\N,"1"
"1120","","","","","","","",\N,\N,\N,\N,\N,"1"
"901","i7-2630QM(2.0GHz)","DDR3 8GB","1TB","10/100/1000","라데온 HD6770M 2GB DDR5","","",\N,\N,\N,\N,\N,"1"
"903","i5-2410M 2.3GHz","8GB","500GB","10/100/1000","nVidia Geforce GT 520M 1GB","","",\N,\N,\N,\N,\N,"1"
"1071","","","","","","","",\N,\N,\N,\N,\N,"1"
"1082","","","","","","","",\N,\N,\N,\N,\N,"1"
"1083","","","","","","","",\N,\N,\N,\N,\N,"1"
"1084","","","","","","","",\N,\N,\N,\N,\N,"1"
"1085","","","","","","","",\N,\N,\N,\N,\N,"1"
"1088","","","","","","","",\N,\N,\N,\N,\N,"1"
"1091","","","","","","","",\N,\N,\N,\N,\N,"1"
"1092","","","","","","","",\N,\N,\N,\N,\N,"1"
"1097","셀러론 듀얼코어 1.8","DDR3 4GB","128SSD * 500GB","10/100/1000","","","",\N,\N,\N,\N,\N,"1"
"1098","셀러론 듀얼코어 1.8","DDR3 4GB","SSD 128GB, 500GB","10/100/1000","","","",\N,\N,\N,\N,\N,"1"
"1099",", , ",", , ",", , ",", , ",", , ",", , ","",\N,\N,\N,\N,\N,"1"
"1100","","","","","","","",\N,\N,\N,\N,\N,"1"
"1147","i7(하스웰)","8GV","256GB","10/100/1000","","","",\N,\N,\N,\N,\N,"1"
"1155","i7 하스웰","8GB","256GB","10/100/1000","","","",\N,\N,\N,\N,\N,"1"
"1319","I7-5500(2.4GHz)","8GB","256GB(SSD)","","5500","","",\N,\N,\N,\N,\N,"1"
"920","i5-2세대 2500","DDR3 4GB","1TB, SSD60GB","10/100/1000","라데온 HD 1GB","","",\N,\N,\N,\N,\N,"1"
"1430","","","","","","","",\N,\N,\N,\N,\N,"1"
"1239","","16GB","","","","",\N,"--","","","","","2"
"1473","","","","","","","27인치",\N,\N,\N,\N,\N,"1"
"1027","i5 2.6Ghz","4GB","256GB","10/100/1000","","","",\N,\N,\N,\N,\N,"1"
"1054","","","","","","","",\N,\N,\N,\N,\N,"1"
"1057","","","","","","","",\N,\N,\N,\N,\N,"1"
"1058","","","","","","","",\N,\N,\N,\N,\N,"1"
"1059","","","","","","","",\N,\N,\N,\N,\N,"1"
"1060","","","","","","","",\N,\N,\N,\N,\N,"1"
"1061","","","","","","","",\N,\N,\N,\N,\N,"1"
"1062","","","","","","","",\N,\N,\N,\N,\N,"1"
"1063","","","","","","","",\N,\N,\N,\N,\N,"1"
"1064","","","","","","","",\N,\N,\N,\N,\N,"1"
"1065","","","","","","","",\N,\N,\N,\N,\N,"1"
"1066","","","","","","","",\N,\N,\N,\N,\N,"1"
"1067","","","","","","","",\N,\N,\N,\N,\N,"1"
"1068","","","","","","","",\N,\N,\N,\N,\N,"1"
"1069","","","","","","","",\N,\N,\N,\N,\N,"1"
"1073","","","","","","","",\N,\N,\N,\N,\N,"1"
"1075","","","","","","","",\N,\N,\N,\N,\N,"1"
"1077","","","","","","","",\N,\N,\N,\N,\N,"1"
"1080","","","","","","","",\N,\N,\N,\N,\N,"1"
"1086","","","","","","","",\N,\N,\N,\N,\N,"1"
"1087","","","","","","","",\N,\N,\N,\N,\N,"1"
"1089","","","","","","","",\N,\N,\N,\N,\N,"1"
"1140","i7-4세대","8GB","SSD 256GB","","","","",\N,\N,\N,\N,\N,"1"
"1150","","","","","","","",\N,\N,\N,\N,\N,"1"
"1154","","","","","","","",\N,\N,\N,\N,\N,"1"
"1175","i7","8GB","256GB","10/100/1000","","","",\N,\N,\N,\N,\N,"1"
"1178","","","","","","","",\N,\N,\N,\N,\N,"1"
"1179","","","","","","","",\N,\N,\N,\N,\N,"1"
"1180","","","","","","","",\N,\N,\N,\N,\N,"1"
"1236","","","","","","","",\N,\N,\N,\N,\N,"1"
"1244","","","","","","","",\N,\N,\N,\N,\N,"1"
"1298","","","","","","","",\N,\N,\N,\N,\N,"1"
"1300","","","","","","","",\N,\N,\N,\N,\N,"1"
"1535","","","","","","","",\N,\N,\N,\N,\N,"1"
"1540","Intel(R) Core i7-7700","DDR4 8GB","SSD 128GB + HDD 1TB","","Geforce GTX 1050","","",\N,\N,\N,\N,\N,"1"
"1294","I7-5500U (2.4GHz)","8GB","256GB(SSD)","","HD 5500","","",\N,\N,\N,\N,\N,"1"
"1295","I7-5500U (2.4GHz), ","8GB, ","256GB(SSD), ",", ","HD 5500, ",", ","",\N,\N,\N,\N,\N,"1"
"1301","I7-4500U (1.8KGz)","8GB","256GB(SSD)","","HD 4400","","",\N,\N,\N,\N,\N,"1"
"1302","","","","","","","",\N,\N,\N,\N,\N,"1"
"1303","I7-5500U(2.4GHz)","8GB","256GB(SSD)","","HD 5500","","",\N,\N,\N,\N,\N,"1"
"1281","","","","","","",\N,"--","","","","","2"
"1281",", , I7-4500U(1.8GHz)",", , 8GB",", , 256GB(SSD)",", , ",", , HD 4400",", , ","",", --, ---, , -, , ",", , ",", , ",", , ",", , ","3"
"1282","I7-4500(1.8GHz)","8GB","256GB(SSD)","","HD 4400","",\N,"--","","","","","2"
"1277","I7-4500U(1.8GHz)","8GB","256GB(SSD)","","HD 4400","",\N,"--","","","","","2"
"1346","I7-4500U","8GB","256GB(SSD)","","","","",\N,\N,\N,\N,\N,"1"
"1357","","","","","","","",\N,\N,\N,\N,\N,"1"
"1359","","","","","","","",\N,\N,\N,\N,\N,"1"
"1361","","","","","","","",\N,\N,\N,\N,\N,"1"
"1363","","","","","","","",\N,\N,\N,\N,\N,"1"
"1365","","","","","","","",\N,\N,\N,\N,\N,"1"
"1367","","","","","","","",\N,\N,\N,\N,\N,"1"
"1370","","","","","","","",\N,\N,\N,\N,\N,"1"
"1376","","","","","","","",\N,\N,\N,\N,\N,"1"
"1378","","","","","","","",\N,\N,\N,\N,\N,"1"
"1380","","","","","","","",\N,\N,\N,\N,\N,"1"
"1381","","","","","","","",\N,\N,\N,\N,\N,"1"
"1421","","","","","","","",\N,\N,\N,\N,\N,"1"
"1422","","","","","","","",\N,\N,\N,\N,\N,"1"
"1435","","","","","","","",\N,\N,\N,\N,\N,"1"
"1441","","","","","","","",\N,\N,\N,\N,\N,"1"
"1444","E5-2630v3","16GB*16","300GB*2 1.2TB*22","","","","",\N,\N,\N,\N,\N,"1"
"1458","I5-6200U","256GB","SSD 256GB","","","","",\N,\N,\N,\N,\N,"1"
"1465","i7-6700HQ","8GB","1TB","","GTX950M 2G","","",\N,\N,\N,\N,\N,"1"
"1466","","","","","","","",\N,\N,\N,\N,\N,"1"
"1467","","","","","","","",\N,\N,\N,\N,\N,"1"
"1468","i7-6700HQ","8GB","1TB(HDD), 120GB(SSD)","","GTX950M 2G","","",\N,\N,\N,\N,\N,"1"
"1469","I7-4790K","16GB","2TB","","RX460 OC D5 2GB","","",\N,\N,\N,\N,\N,"1"
"1474","i5-6600","32GB","2TB, SSD 250GB","","","","",\N,\N,\N,\N,\N,"1"
"1476","","","","","","","",\N,\N,\N,\N,\N,"1"
"1482","","","","","","","",\N,\N,\N,\N,\N,"1"
"1484","I7-7500","16GB","1TB","","","","",\N,\N,\N,\N,\N,"1"
"1486","i7-7500","16GB","","","","","",\N,\N,\N,\N,\N,"1"
"1489","","","","","","","",\N,\N,\N,\N,\N,"1"
"1489","i7-7500U","16GB","SSD 512GB","","","",\N,"--","","","","","2"
"1490","","","","","","","",\N,\N,\N,\N,\N,"1"
"1491","","","","","","","YPbPr+R/L to HDMI Converter",\N,\N,\N,\N,\N,"1"
"1494","","","","","","","55인치, QLED, 8K UHD, UHD업스케일링",\N,\N,\N,\N,\N,"1"
"1495","","","","","","","",\N,\N,\N,\N,\N,"1"
"1496","INTEL Core 6th i7-6800K","DDR4 PC4-19200 16GB * 2","HDD 1TB / M.2 250GB","","ZOTAC GeForce GTX1050 MINi D5 2GB","","",\N,\N,\N,\N,\N,"1"
"1499","Intel(R) Core i5-7200U","DDR4 8GB","SSD 256GB","","","","",\N,\N,\N,\N,\N,"1"
"1500","","","","","","","24인치",\N,\N,\N,\N,\N,"1"
"1501","Intel(R) core i5-7200u","DDR4 16GB","M.2 512GB","","","","",\N,\N,\N,\N,\N,"1"
"1506","Intel(R) core i5-7200U","DDR4 8GB","M.2 256GB","","","","",\N,\N,\N,\N,\N,"1"
"1512","Intel(R) Core i5-7200U","DDR4 8GB","M.2 256GB","","","","",\N,\N,\N,\N,\N,"1"
"1523","Intel(R) Core i5-7200U","DDR4 16GB","M.2 512GB","No Internal Ethernet","","","",\N,\N,\N,\N,\N,"1"
"1527","","","","","","","24인치 D-SUB, DVI-D, HDMI 단자 지원",\N,\N,\N,\N,\N,"1"
"1530","Intel(R) Core i5-7500U","DDR4 8GB","M.2 512GB","No Internal Ethernet","Intel(R) HD Graphics 620","","",\N,\N,\N,\N,\N,"1"
